year,player,pass yds,yds/att,att,cmp,cmp %,td,int,rate,1st,1st%,20+,40+,lng,sck,scky,salary_per_year
2021,Justin Herbert,5014,7.5,672,443,65.9,38,15,97.7,256,38.1,53,15,72,31,214,52.5
2021,Derek Carr,4804,7.7,626,428,68.4,23,14,94.0,217,34.7,67,10,61,40,241,40.47416
2021,Joe Burrow,4611,8.9,520,366,70.4,34,14,108.3,202,38.8,60,15,82,51,370,55.0
2021,Dak Prescott,4449,7.5,596,410,68.8,37,10,104.2,227,38.1,55,7,51,30,144,60.0
2021,Josh Allen,4407,6.8,646,409,63.3,36,15,92.2,234,36.2,51,8,61,26,164,55.0
2021,Kirk Cousins,4221,7.5,561,372,66.3,33,7,103.1,192,34.2,60,10,64,28,197,35.0
2021,Aaron Rodgers,4115,7.8,531,366,68.9,37,4,111.9,213,40.1,55,10,75,30,188,50.271667
2021,Jimmy Garoppolo,3810,8.6,441,301,68.2,20,12,98.7,172,39.0,54,8,83,29,201,7.0
2021,Mac Jones,3801,7.3,521,352,67.6,22,13,92.5,177,34.0,52,6,75,28,241,3.5
2021,Kyler Murray,3787,7.9,481,333,69.2,24,10,100.6,172,35.8,49,9,77,31,286,46.1
2021,Trevor Lawrence,3641,6.0,602,359,59.6,12,17,71.9,177,29.4,43,5,58,32,238,55.0
2021,Carson Wentz,3563,6.9,516,322,62.4,27,7,94.6,165,32.0,42,9,76,32,227,1.315
2021,Taylor Heinicke,3419,6.9,494,321,65.0,20,15,85.9,167,33.8,40,6,73,38,278,7.0
2021,Jared Goff,3245,6.6,494,332,67.2,19,8,91.5,162,32.8,39,3,63,35,280,53.0
2021,Jalen Hurts,3144,7.3,432,265,61.3,16,9,87.2,143,33.1,44,5,91,26,150,51.0
2021,Russell Wilson,3113,7.8,400,259,64.8,25,6,103.0,135,33.8,45,10,69,33,266,49.0
2021,Teddy Bridgewater,3052,7.2,426,285,66.9,18,7,94.9,146,34.3,33,5,64,31,211,6.5
2021,Baker Mayfield,3010,7.2,418,253,60.5,17,13,83.1,143,34.2,42,9,71,43,269,15.358
2021,Lamar Jackson,2882,7.5,382,246,64.4,16,13,87.0,135,35.3,41,5,49,38,190,52.0
2021,Davis Mills,2664,6.8,394,263,66.8,16,10,88.8,118,30.0,31,5,67,31,206,4.058
2021,Tua Tagovailoa,2653,6.8,388,263,67.8,16,10,90.1,137,35.3,30,6,65,20,152,53.1
2021,Sam Darnold,2527,6.2,406,243,59.8,9,13,71.9,123,30.3,30,4,63,35,204,4.5
2021,Daniel Jones,2428,6.7,361,232,64.3,10,7,84.8,116,32.1,24,5,54,22,160,40.0
2021,Zach Wilson,2334,6.1,383,213,55.6,9,11,69.7,112,29.2,32,5,54,44,370,6.0
2021,Justin Fields,1870,6.9,270,159,58.9,7,10,73.2,83,30.7,28,4,64,36,264,20.0
2021,Andy Dalton,1515,6.4,236,149,63.1,8,9,76.8,83,35.2,11,3,60,18,143,3.0
2021,Jacoby Brissett,1283,5.7,225,141,62.7,5,4,78.1,69,30.7,15,2,52,19,132,4.65
2021,Jameis Winston,1170,7.3,161,95,59.0,14,3,102.8,56,34.8,11,4,72,11,69,14.0
2021,Trevor Siemian,1154,6.1,188,108,57.4,11,3,88.4,61,32.4,15,1,46,9,64,2.0
2021,Tyler Huntley,1081,5.8,188,122,64.9,3,4,76.6,55,29.3,11,1,43,18,107,0.895
2021,Tyrod Taylor,966,6.4,150,91,60.7,5,5,76.7,44,29.3,13,3,52,13,119,5.5
2021,Mike White,953,7.2,132,88,66.7,5,8,75.1,49,37.1,11,0,28,4,18,2.54
2021,Mike Glennon,790,4.7,167,90,53.9,4,10,49.7,43,25.8,5,1,60,9,68,0.2772
2021,Drew Lock,787,7.1,111,67,60.4,2,2,80.4,32,28.8,13,2,44,9,52,4.0
2021,Colt McCoy,740,7.5,99,74,74.8,3,1,101.4,39,39.4,11,2,50,6,40,3.25
2021,Geno Smith,702,7.4,95,65,68.4,5,1,103.0,31,32.6,11,2,84,13,117,3.5
2021,Josh Johnson,638,7.5,85,57,67.1,5,2,99.0,39,45.9,5,0,28,3,23,1.22
2021,Tim Boyle,526,5.6,94,61,64.9,3,6,63.5,28,29.8,8,1,42,0,0,2.0
2021,Case Keenum,462,6.4,72,47,65.3,3,1,91.3,25,34.7,4,0,34,5,29,3.5
2021,Gardner Minshew,439,7.3,60,41,68.3,4,1,104.8,24,40.0,7,0,36,5,31,3.5
2021,Cooper Rush,422,9.0,47,30,63.8,3,1,105.1,18,38.3,5,2,73,3,19,1.035
2021,Jordan Love,411,6.6,62,36,58.1,2,3,68.7,22,35.5,6,1,62,3,23,13.5
2021,Joe Flacco,338,8.0,42,27,64.3,3,0,113.0,14,33.3,6,1,62,2,13,3.5
2021,Mason Rudolph,277,4.8,58,35,60.3,1,1,70.8,16,27.6,2,0,36,0,0,1.08
2021,Nick Foles,250,7.1,35,24,68.6,1,0,98.5,14,40.0,1,0,30,4,21,3.1
2021,Brian Hoyer,227,20.6,11,9,81.8,1,0,149.0,8,72.7,6,2,48,0,0,2.0
2021,Jake Fromm,210,3.5,60,27,45.0,1,3,38.9,10,16.7,2,0,36,6,33,0.207
2021,Garrett Gilbert,194,6.3,31,20,64.5,0,0,81.9,8,25.8,2,1,46,2,20,1.075
2021,Sean Mannion,189,5.2,36,22,61.1,1,0,84.1,8,22.2,2,0,30,2,15,1.2725
2021,Brandon Allen,149,4.4,34,17,50.0,2,0,81.6,5,14.7,2,0,26,4,33,1.5
2021,Nick Mullens,147,4.9,30,20,66.7,1,0,89.2,9,30.0,1,0,25,0,0,2.0
2021,Ian Book,135,6.8,20,12,60.0,0,2,40.6,5,25.0,1,1,56,8,54,0.216
2021,Kyle Allen,120,6.3,19,12,63.2,1,0,98.6,6,31.6,0,0,19,2,5,2.5
2020,Deshaun Watson,4823,8.9,544,382,70.2,33,7,112.4,221,40.6,69,11,77,49,293,46.0
2020,Tom Brady,4633,7.6,610,401,65.7,40,12,102.2,233,38.2,63,12,50,21,143,25.0
2020,Josh Allen,4544,7.9,572,396,69.2,37,10,107.2,228,39.9,62,8,55,26,159,43.0
2020,Justin Herbert,4336,7.3,595,396,66.6,31,10,98.3,216,36.3,51,10,72,32,218,52.5
2020,Aaron Rodgers,4299,8.2,526,372,70.7,48,5,121.5,216,41.1,57,14,78,20,182,50.271667
2020,Kirk Cousins,4265,8.3,516,349,67.6,35,13,105.0,212,41.1,58,7,71,39,256,35.0
2020,Russell Wilson,4212,7.6,558,384,68.8,40,13,105.1,213,38.2,45,11,62,47,301,49.0
2020,Derek Carr,4103,7.9,517,348,67.3,27,9,101.4,193,37.3,54,12,85,26,150,40.47416
2020,Kyler Murray,3971,7.1,558,375,67.2,26,12,94.3,205,36.7,44,14,80,27,176,46.1
2020,Jared Goff,3952,7.2,552,370,67.0,20,13,90.0,194,35.1,47,6,56,23,161,53.0
2020,Ben Roethlisberger,3803,6.2,608,399,65.6,33,10,94.1,193,31.7,43,4,84,13,118,14.0
2020,Teddy Bridgewater,3733,7.6,492,340,69.1,15,11,92.1,174,35.4,49,8,75,31,205,11.5
2020,Baker Mayfield,3563,7.3,486,305,62.8,26,8,95.9,188,38.7,43,5,75,26,162,15.358
2020,Daniel Jones,2943,6.6,448,280,62.5,11,10,80.4,158,35.3,31,5,53,45,286,40.0
2020,Drew Lock,2933,6.6,443,254,57.3,16,15,75.4,145,32.7,38,8,92,19,123,4.0
2020,Lamar Jackson,2757,7.3,376,242,64.4,26,9,99.4,138,36.7,37,4,47,29,160,52.0
2020,Joe Burrow,2688,6.6,404,264,65.4,13,5,89.8,150,37.1,23,3,67,32,231,55.0
2020,Cam Newton,2657,7.2,368,242,65.8,8,10,82.9,133,36.1,31,3,50,31,195,8.25
2020,Carson Wentz,2620,6.0,437,251,57.4,16,15,72.8,130,29.8,27,6,59,50,326,1.315
2020,Nick Mullens,2437,7.5,326,211,64.7,12,12,84.1,120,36.8,33,4,49,19,139,0.97
2020,Gardner Minshew,2259,6.9,327,216,66.1,16,5,95.8,117,35.8,27,3,51,27,147,3.5
2020,Sam Darnold,2208,6.1,364,217,59.6,9,11,72.7,109,30.0,27,2,69,35,234,4.5
2020,Andy Dalton,2170,6.5,333,216,64.9,14,8,87.3,116,34.8,20,5,69,24,184,10.0
2020,Ryan Fitzpatrick,2091,7.8,267,183,68.5,13,8,95.6,106,39.7,24,4,70,14,65,10.0
2020,Mitchell Trubisky,2055,6.9,297,199,67.0,16,8,93.5,124,41.8,18,1,53,18,125,2.5
2020,Dak Prescott,1856,8.4,222,151,68.0,9,4,99.6,93,41.9,25,6,58,10,66,40.0
2020,Nick Foles,1852,5.9,312,202,64.7,10,8,80.8,93,29.8,24,2,50,18,145,3.1
2020,Tua Tagovailoa,1814,6.3,290,186,64.1,11,5,87.0,100,34.5,15,0,35,20,136,53.1
2020,Dwayne Haskins,1439,6.0,241,148,61.4,5,7,73.0,73,30.3,14,2,50,20,141,0.85
2020,Jimmy Garoppolo,1096,7.8,140,94,67.1,7,5,92.4,55,39.3,10,3,76,11,77,7.0
2020,Mike Glennon,1072,6.0,179,111,62.0,7,5,80.1,57,31.8,13,1,46,9,53,1.375
2020,Jalen Hurts,1061,7.2,148,77,52.0,6,4,77.6,45,30.4,16,3,81,13,59,51.0
2020,Brandon Allen,925,6.5,142,90,63.4,5,4,82.0,42,29.6,10,2,72,7,51,1.5
2020,Joe Flacco,864,6.4,134,74,55.2,6,3,80.6,36,26.9,11,3,52,7,69,3.5
2020,C.J. Beathard,787,7.6,104,66,63.5,6,0,105.7,42,40.4,12,3,49,9,71,2.5
2020,Jake Luton,624,5.7,110,60,54.6,2,6,54.5,31,28.2,5,1,73,7,52,0.1656
2020,Kyle Allen,610,7.0,87,60,69.0,4,1,99.3,30,34.5,7,1,52,7,44,0.85
2020,Jeff Driskel,432,6.8,64,35,54.7,3,2,78.4,18,28.1,6,1,45,11,98,1.75
2020,Colt McCoy,375,5.7,66,40,60.6,1,1,75.0,19,28.8,5,0,35,5,24,1.2125
2020,Mason Rudolph,324,7.5,43,25,58.1,2,1,87.7,13,30.2,5,3,47,1,8,4.985199
2020,Brett Rypien,295,7.4,40,27,67.5,2,4,66.2,12,30.0,5,2,48,1,0,0.85
2020,Chase Daniel,264,6.1,43,29,67.4,1,2,72.2,14,32.6,3,0,28,3,29,1.075
2020,Jarrett Stidham,256,5.8,44,22,50.0,2,3,54.7,12,27.3,4,0,38,4,21,5.0
2020,Chad Henne,248,6.5,38,28,73.7,2,0,108.2,15,39.5,2,0,37,2,4,2.0
2020,Garrett Gilbert,243,6.4,38,21,55.3,1,1,72.6,10,26.3,4,0,32,2,23,0.92
2020,John Wolford,231,6.1,38,22,57.9,0,1,64.7,12,31.6,3,0,38,2,8,0.895
2020,Marcus Mariota,226,8.1,28,17,60.7,1,1,83.3,11,39.3,4,0,35,0,0,3.5
2020,Ben DiNucci,219,5.1,43,23,53.5,0,0,67.9,11,25.6,1,0,32,7,73,0.1656
2020,Tyrod Taylor,208,6.9,30,16,53.3,0,0,75.4,10,33.3,3,0,37,2,1,5.5
2020,Matt Barkley,197,9.4,21,11,52.4,1,1,80.8,9,42.9,3,2,56,1,7,1.075
2020,Blaine Gabbert,143,8.9,16,9,56.2,2,0,125.8,5,31.2,4,0,35,1,7,2.0
2020,Taylor Heinicke,137,7.2,19,12,63.2,1,0,102.3,6,31.6,2,0,29,1,7,2.375
2020,Brian Hoyer,130,5.4,24,15,62.5,0,1,59.4,8,33.3,1,0,25,2,18,1.075
2020,Chris Streveler,105,6.6,16,11,68.8,1,1,81.5,5,31.2,0,0,19,2,10,0.1656
2020,Trace McSorley,90,9.0,10,3,30.0,1,0,97.9,2,20.0,1,1,70,0,0,0.9075
2020,Jameis Winston,75,6.8,11,7,63.6,0,0,83.5,5,45.4,0,0,19,2,11,5.5
2019,Jameis Winston,5109,8.2,626,380,60.7,33,30,84.3,243,38.8,75,13,71,47,282,1.1
2019,Dak Prescott,4902,8.2,596,388,65.1,30,11,99.7,229,38.4,68,16,62,23,151,31.409
2019,Jared Goff,4638,7.4,626,394,62.9,22,16,86.5,220,35.1,72,6,66,22,170,53.0
2019,Philip Rivers,4615,7.8,591,390,66.0,23,20,88.5,217,36.7,57,12,84,34,222,25.0
2019,Russell Wilson,4110,8.0,516,341,66.1,31,5,106.3,190,36.8,55,10,60,48,319,49.0
2019,Tom Brady,4057,6.6,613,373,60.8,24,8,88.0,193,31.5,60,6,59,27,185,25.0
2019,Derek Carr,4054,7.9,513,361,70.4,21,8,100.8,191,37.2,54,10,75,29,184,40.47416
2019,Carson Wentz,4039,6.6,607,388,63.9,27,7,93.1,213,35.1,52,6,53,37,230,1.315
2019,Patrick Mahomes,4031,8.3,484,319,65.9,26,5,105.3,176,36.4,50,15,83,17,127,45.0
2019,Aaron Rodgers,4002,7.0,569,353,62.0,26,4,95.4,189,33.2,52,12,74,36,284,50.271667
2019,Jimmy Garoppolo,3978,8.4,476,329,69.1,27,13,102.0,193,40.6,61,8,75,36,237,7.0
2019,Deshaun Watson,3852,7.8,495,333,67.3,26,12,98.0,191,38.6,47,10,54,44,257,39.0
2019,Baker Mayfield,3827,7.2,534,317,59.4,22,21,78.8,179,33.5,57,9,89,40,285,15.358
2019,Kyler Murray,3722,6.9,542,349,64.4,20,12,87.4,173,31.9,47,10,88,48,309,46.1
2019,Kirk Cousins,3603,8.1,444,307,69.1,26,6,107.4,165,37.2,52,11,66,28,206,33.0
2019,Ryan Fitzpatrick,3529,7.0,502,311,62.0,20,13,85.5,182,36.2,43,6,51,40,209,10.0
2019,Andy Dalton,3494,6.6,528,314,59.5,16,14,78.3,170,32.2,41,6,66,37,249,3.0
2019,Kyle Allen,3322,6.8,489,303,62.0,17,16,80.0,188,38.4,35,5,52,46,397,0.585
2019,Gardner Minshew,3271,7.0,470,285,60.6,21,6,91.2,150,31.9,43,6,70,33,184,3.5
2019,Mitchell Trubisky,3138,6.1,516,326,63.2,17,10,83.0,156,30.2,35,2,53,38,234,2.5
2019,Lamar Jackson,3127,7.8,401,265,66.1,36,6,113.3,161,40.2,42,8,83,23,106,52.0
2019,Josh Allen,3089,6.7,461,271,58.8,20,9,85.3,146,31.7,47,7,53,38,237,43.0
2019,Daniel Jones,3027,6.6,459,284,61.9,24,12,87.7,140,30.5,39,7,75,38,295,40.0
2019,Sam Darnold,3024,6.9,441,273,61.9,19,13,84.3,147,33.3,40,6,92,33,212,4.5
2019,Drew Brees,2979,7.9,378,281,74.3,27,4,116.3,159,42.1,37,7,61,12,89,25.0
2019,Jacoby Brissett,2942,6.6,447,272,60.8,18,6,88.0,143,32.0,32,3,50,27,159,5.0
2019,Ryan Tannehill,2742,9.6,286,201,70.3,22,6,117.5,126,44.1,41,9,91,31,212,29.5
2019,Joe Flacco,1822,7.0,262,171,65.3,6,5,85.1,86,32.8,24,5,70,26,194,1.5
2019,Mason Rudolph,1765,6.2,283,176,62.2,13,9,82.0,80,28.3,21,5,76,15,124,4.985199
2019,Case Keenum,1707,6.9,247,160,64.8,11,5,91.3,83,33.6,18,3,69,15,145,6.0
2019,Teddy Bridgewater,1384,7.1,196,133,67.9,9,2,99.1,67,34.2,16,2,45,12,89,21.0
2019,Dwayne Haskins,1365,6.7,203,119,58.6,7,7,76.1,65,32.0,19,3,75,29,204,0.85
2019,Marcus Mariota,1203,7.5,160,95,59.4,7,2,92.3,50,31.2,17,6,75,25,162,8.8
2019,Devlin Hodges,1063,6.6,160,100,62.5,5,8,71.4,51,31.9,11,2,79,15,102,0.1428
2019,Drew Lock,1020,6.5,156,100,64.1,7,3,89.7,54,34.6,13,2,48,5,26,4.0
2019,David Blough,984,5.7,174,94,54.0,4,6,64.0,47,27.0,10,4,75,14,104,0.7625
2019,Nick Foles,736,6.3,117,77,65.8,3,2,84.6,31,26.5,10,0,39,8,60,8.0
2019,Jeff Driskel,685,6.5,105,62,59.0,4,4,75.3,31,29.5,9,1,47,11,46,2.5
2019,Matt Moore,659,7.2,91,59,64.8,4,0,100.9,35,38.5,9,3,57,8,65,1.1875
2019,Cam Newton,572,6.4,89,50,56.2,0,1,71.0,29,32.6,4,2,44,6,43,1.75
2019,Josh Rosen,567,5.2,109,58,53.2,1,5,52.0,26,23.8,5,1,40,16,93,0.75
2019,Brandon Allen,515,6.1,84,39,46.4,3,2,68.3,20,23.8,8,3,75,9,59,0.825
2019,Chase Daniel,435,6.8,64,45,70.3,3,2,91.6,22,34.4,4,0,37,7,48,4.35
2019,Brian Hoyer,372,5.7,65,35,53.8,4,4,65.7,22,33.8,6,0,23,5,47,1.05
2019,Matt Barkley,359,7.0,51,27,52.9,0,3,51.0,15,29.4,6,1,41,2,10,1.075
2019,Ben Roethlisberger,351,5.7,62,35,56.4,0,1,66.0,14,22.6,4,1,45,2,7,14.0
2019,Will Grier,228,4.4,52,28,53.8,0,4,33.2,12,23.1,1,0,28,6,44,1.0225
2019,Sean Mannion,126,6.0,21,12,57.1,0,2,35.1,6,28.6,1,0,35,0,0,1.0475
2019,Colt McCoy,122,4.5,27,18,66.7,0,1,61.0,5,18.5,1,0,22,6,44,2.25
2018,Ben Roethlisberger,5129,7.6,675,452,67.0,34,16,96.5,248,36.7,61,16,97,24,166,34.0
2018,Patrick Mahomes,5097,8.8,580,383,66.0,50,12,113.8,237,40.9,75,15,89,26,171,45.0
2018,Jared Goff,4688,8.4,561,364,64.9,32,12,101.1,233,41.5,69,9,70,33,223,33.5
2018,Aaron Rodgers,4442,7.4,597,372,62.3,25,2,97.6,200,33.5,55,16,75,49,353,50.271667
2018,Tom Brady,4355,7.6,570,375,65.8,29,11,97.7,205,36.0,53,8,63,21,147,23.0
2018,Philip Rivers,4308,8.5,508,347,68.3,32,12,105.5,213,41.9,60,10,75,32,204,25.0
2018,Kirk Cousins,4298,7.1,606,425,70.1,30,10,99.7,218,36.0,47,7,75,40,262,33.0
2018,Deshaun Watson,4165,8.2,505,345,68.3,26,9,103.1,202,40.0,51,8,73,62,384,39.0
2018,Derek Carr,4049,7.3,553,381,68.9,19,10,93.9,197,35.6,52,7,66,51,299,40.47416
2018,Drew Brees,3992,8.2,489,364,74.4,32,5,115.7,199,40.7,58,6,72,17,121,25.0
2018,Case Keenum,3890,6.6,586,365,62.3,18,15,81.2,179,30.6,52,11,64,34,235,7.5
2018,Dak Prescott,3885,7.4,526,356,67.7,22,8,96.9,184,35.0,39,9,90,56,347,31.409
2018,Baker Mayfield,3725,7.7,486,310,63.8,27,14,93.7,171,35.2,52,9,71,25,173,15.358
2018,Russell Wilson,3448,8.1,427,280,65.6,35,7,110.9,156,36.5,47,13,66,51,355,35.0
2018,Cam Newton,3395,7.2,471,320,67.9,24,13,94.2,180,38.2,44,3,82,29,213,1.75
2018,Mitchell Trubisky,3223,7.4,434,289,66.6,24,12,95.4,151,34.8,40,10,70,24,143,2.5
2018,Carson Wentz,3074,7.7,401,279,69.6,21,7,102.2,159,39.6,37,5,58,31,202,32.0
2018,Jameis Winston,2992,7.9,378,244,64.6,19,14,90.2,152,40.2,34,6,64,27,157,1.1
2018,Sam Darnold,2865,6.9,414,239,57.7,17,15,77.6,130,31.4,40,4,76,30,204,4.5
2018,Blake Bortles,2718,6.7,403,243,60.3,13,11,79.8,128,31.8,36,3,80,31,173,1.0
2018,Andy Dalton,2566,7.0,365,226,61.9,21,11,89.6,132,36.2,38,1,49,21,157,3.0
2018,Marcus Mariota,2528,7.6,331,228,68.9,11,8,92.3,121,36.6,31,5,61,42,243,8.8
2018,Joe Flacco,2465,6.5,379,232,61.2,12,6,84.2,122,32.2,29,4,71,16,79,1.5
2018,Ryan Fitzpatrick,2366,9.6,246,164,66.7,17,12,100.4,113,45.9,37,8,75,14,76,5.5
2018,Josh Rosen,2278,5.8,393,217,55.2,11,14,66.7,112,28.5,23,4,75,45,320,0.75
2018,Nick Mullens,2277,8.3,274,176,64.2,13,10,90.8,106,38.7,35,7,85,17,127,0.75
2018,Josh Allen,2074,6.5,320,169,52.8,10,12,67.9,89,27.8,30,5,75,28,213,43.0
2018,Ryan Tannehill,1979,7.2,274,176,64.2,17,9,92.7,92,33.6,19,5,75,35,279,7.0
2018,Nick Foles,1413,7.2,195,141,72.3,7,4,96.0,60,30.8,14,4,83,9,47,22.0
2018,C.J. Beathard,1252,7.4,169,102,60.4,8,7,81.8,60,35.5,17,4,82,18,156,2.5
2018,Lamar Jackson,1201,7.1,170,99,58.2,6,3,84.5,60,35.3,13,2,74,16,71,52.0
2018,Jeff Driskel,1003,5.7,176,105,59.7,6,2,82.2,50,28.4,15,0,37,16,122,0.645
2018,Jimmy Garoppolo,718,8.1,89,53,59.6,5,3,90.0,35,39.3,9,1,56,13,97,7.0
2018,Cody Kessler,709,5.4,131,85,64.9,2,2,77.4,35,26.7,5,0,35,22,149,0.91215
2018,Blaine Gabbert,626,6.2,101,61,60.4,4,4,74.9,32,31.7,4,0,35,5,37,1.6
2018,Josh Johnson,590,6.5,91,52,57.1,3,4,69.4,29,31.9,7,1,79,9,67,1.03
2018,Josh McCown,539,4.9,110,60,54.6,1,4,55.8,27,24.6,4,1,41,7,35,2.0
2018,Chase Daniel,515,6.8,76,53,69.7,3,2,90.6,24,31.6,6,1,46,9,40,4.35
2018,Tyrod Taylor,473,5.6,85,42,49.4,2,2,64.5,17,20.0,7,1,47,13,81,5.5
2018,Derek Anderson,465,6.6,70,42,60.0,0,4,56.0,22,31.4,6,1,40,5,33,1.12
2018,Colt McCoy,372,6.9,54,34,63.0,3,3,78.6,17,31.5,4,1,53,6,36,2.25
2018,Taylor Heinicke,320,5.6,57,35,61.4,1,3,60.6,19,33.3,2,0,33,2,17,0.805
2018,Nathan Peterman,296,3.6,81,44,54.3,1,7,30.7,13,16.0,3,0,26,7,34,0.645
2018,Kyle Allen,266,8.6,31,20,64.5,2,0,113.1,11,35.5,4,1,53,0,0,0.585
2018,Matt Barkley,232,9.3,25,15,60.0,2,0,117.4,12,48.0,4,2,47,1,8,1.075
2018,DeShone Kizer,187,4.4,42,20,47.6,0,2,40.5,8,19.0,2,0,29,4,38,0.204
2018,Mike Glennon,174,8.3,21,15,71.4,1,0,112.0,8,38.1,1,0,26,1,8,1.95
2018,Teddy Bridgewater,118,5.1,23,14,60.9,1,1,70.6,8,34.8,0,0,18,2,8,7.25
2017,Tom Brady,4577,7.9,581,385,66.3,32,8,102.8,230,39.6,62,10,64,35,201,23.0
2017,Philip Rivers,4515,7.8,575,360,62.6,28,10,96.0,216,37.6,61,12,75,18,120,25.0
2017,Drew Brees,4334,8.1,536,386,72.0,23,8,103.9,201,37.5,72,11,54,20,145,25.0
2017,Ben Roethlisberger,4251,7.6,561,360,64.2,28,14,93.4,207,36.9,52,14,97,21,139,34.0
2017,Matt Ryan,4095,7.7,529,342,64.6,20,12,91.4,199,37.6,54,8,88,24,156,30.0
2017,Kirk Cousins,4093,7.6,540,347,64.3,27,13,93.8,191,35.4,59,9,74,41,342,28.0
2017,Alex Smith,4042,8.0,505,341,67.5,26,5,104.7,184,36.4,52,13,79,35,207,23.5
2017,Russell Wilson,3983,7.2,553,339,61.3,34,11,95.4,183,33.1,58,12,74,43,322,35.0
2017,Jared Goff,3804,8.0,477,296,62.0,28,7,100.5,176,36.9,54,12,94,25,172,33.5
2017,Blake Bortles,3687,7.0,523,315,60.2,21,13,84.7,192,36.7,41,7,75,24,123,17.4835
2017,Case Keenum,3547,7.4,481,325,67.6,22,7,98.3,179,37.2,45,8,65,22,136,18.0
2017,Jameis Winston,3504,7.9,442,282,63.8,19,11,92.2,180,40.7,32,5,70,33,207,1.1
2017,Derek Carr,3496,6.8,515,323,62.7,22,13,86.4,165,32.0,43,9,87,20,101,40.47416
2017,Dak Prescott,3324,6.8,490,308,62.9,22,13,86.6,162,33.1,34,8,81,32,185,31.409
2017,Andy Dalton,3320,6.7,496,297,59.9,25,12,86.6,162,32.7,33,9,77,39,255,3.0
2017,Cam Newton,3302,6.7,492,291,59.2,22,16,80.7,166,33.7,46,5,64,35,242,1.75
2017,Carson Wentz,3296,7.5,440,265,60.2,33,7,101.9,160,36.4,40,9,72,28,162,32.0
2017,Marcus Mariota,3232,7.1,453,281,62.0,13,15,79.3,147,32.4,39,6,75,27,173,8.8
2017,Joe Flacco,3141,5.7,549,352,64.1,18,13,80.4,161,29.3,28,5,66,27,205,1.5
2017,Jacoby Brissett,3098,6.6,469,276,58.8,13,7,81.7,143,30.5,32,9,80,52,305,27.975
2017,Josh McCown,2926,7.4,397,267,67.2,18,9,94.5,133,33.5,40,7,69,39,264,10.0
2017,DeShone Kizer,2894,6.1,476,255,53.6,11,22,60.5,130,27.3,43,3,56,38,226,0.204
2017,Tyrod Taylor,2799,6.7,420,263,62.6,14,4,89.2,134,31.9,36,4,47,46,256,5.5
2017,Trevor Siemian,2285,6.6,349,206,59.0,12,14,73.3,112,32.1,37,2,44,33,220,2.0
2017,Mitchell Trubisky,2193,6.6,330,196,59.4,7,7,77.5,100,30.3,24,4,70,31,196,2.5
2017,Brett Hundley,1836,5.8,316,192,60.8,9,12,70.6,89,28.2,17,4,55,29,197,1.875
2017,Deshaun Watson,1699,8.3,204,126,61.8,19,8,103.0,84,41.2,28,4,72,19,116,39.0
2017,Aaron Rodgers,1675,7.0,238,154,64.7,16,6,97.2,85,35.7,21,4,72,22,168,33.5
2017,Jimmy Garoppolo,1560,8.8,178,120,67.4,7,5,96.2,78,43.8,20,5,61,8,57,27.5
2017,C.J. Beathard,1430,6.4,224,123,54.9,4,6,69.2,66,29.5,16,6,83,19,141,2.5
2017,Tom Savage,1412,6.3,223,125,56.0,5,6,71.4,68,30.5,18,1,57,21,159,1.5
2017,Brian Hoyer,1287,6.1,211,123,58.3,4,4,74.5,64,30.3,14,3,59,16,112,4.0
2017,Ryan Fitzpatrick,1103,6.8,163,96,58.9,7,3,86.0,63,38.6,15,1,41,7,34,3.3
2017,Brock Osweiler,1088,6.3,172,96,55.8,5,5,72.5,53,30.8,14,1,54,10,64,0.88
2017,Blaine Gabbert,1086,6.4,171,95,55.6,6,6,71.9,55,32.2,17,2,52,23,149,2.0
2017,Drew Stanton,894,5.6,159,79,49.7,6,5,66.4,50,31.4,9,1,52,7,40,3.25
2017,Matt Moore,861,6.8,127,78,61.4,4,5,75.6,38,29.9,11,3,61,12,95,1.03
2017,Mike Glennon,833,6.0,140,93,66.4,4,5,76.9,42,30.0,4,0,29,8,78,4.0
2017,Nick Foles,537,5.3,101,57,56.4,5,2,79.5,29,28.7,3,0,35,5,44,14.5
2017,Kevin Hogan,517,6.9,75,46,61.3,4,5,71.9,21,28.0,8,2,49,6,35,0.63
2017,Sam Bradford,382,8.9,43,32,74.4,3,0,124.4,17,39.5,8,1,44,5,40,20.0
2017,Paxton Lynch,295,6.6,45,30,66.7,2,3,72.0,15,33.3,4,0,30,9,51,0.69
2017,Patrick Mahomes,284,8.1,35,22,62.9,0,1,76.4,14,40.0,2,1,51,2,15,45.0
2017,David Fales,265,6.2,43,29,67.4,1,1,82.0,15,34.9,3,0,26,1,8,0.88
2017,Nathan Peterman,252,5.1,49,24,49.0,2,5,38.4,14,28.6,3,0,21,1,5,0.1292
2017,Landry Jones,239,8.5,28,23,82.1,1,1,99.3,9,32.1,3,1,46,3,15,0.79
2017,Geno Smith,212,5.9,36,21,58.3,1,0,84.5,8,22.2,3,1,47,3,12,1.0
2017,Sean Mannion,185,5.0,37,22,59.5,0,0,72.5,8,21.6,2,1,50,3,20,0.895
2017,Matt Cassel,162,3.9,42,25,59.5,1,2,55.8,10,23.8,0,0,17,8,30,1.105
2017,Nate Sudfeld,134,5.8,23,19,82.6,0,0,90.9,4,17.4,0,0,16,3,24,3.095
2017,Cody Kessler,126,5.5,23,11,47.8,0,1,46.6,6,26.1,2,0,31,6,48,0.91215
2016,Drew Brees,5208,7.7,673,471,70.0,37,15,101.7,264,39.2,70,10,98,27,184,25.0
2016,Matt Ryan,4944,9.3,534,373,69.8,38,7,117.1,238,44.6,69,17,76,37,235,30.0
2016,Kirk Cousins,4917,8.1,606,406,67.0,25,12,97.2,225,37.1,69,13,80,23,190,23.9436
2016,Aaron Rodgers,4428,7.3,610,401,65.7,40,7,104.2,222,36.4,57,10,66,35,246,33.5
2016,Philip Rivers,4386,7.6,578,349,60.4,33,21,87.9,214,37.0,57,16,59,36,188,25.0
2016,Joe Flacco,4317,6.4,672,436,64.9,20,15,83.5,204,30.4,40,11,95,33,243,1.5
2016,Russell Wilson,4219,7.7,546,353,64.6,21,11,92.6,193,35.4,51,11,59,41,293,35.0
2016,Andy Dalton,4206,7.5,563,364,64.6,18,8,91.8,204,36.2,53,13,86,41,264,3.0
2016,Jameis Winston,4090,7.2,567,345,60.8,28,18,86.1,214,37.7,43,4,45,35,239,1.1
2016,Derek Carr,3937,7.0,560,357,63.8,28,6,96.7,189,33.8,50,8,75,16,79,25.005
2016,Blake Bortles,3905,6.2,625,368,58.9,23,16,78.8,206,33.0,43,4,51,34,197,17.4835
2016,Sam Bradford,3877,7.0,552,395,71.6,20,5,99.3,197,35.7,49,8,71,37,276,20.0
2016,Ben Roethlisberger,3819,7.5,509,328,64.4,29,13,95.4,184,36.2,59,8,72,17,141,34.0
2016,Carson Wentz,3782,6.2,607,379,62.4,16,14,79.2,191,31.5,39,6,73,33,213,32.0
2016,Dak Prescott,3667,8.0,459,311,67.8,23,4,104.9,182,39.6,38,8,83,25,143,31.409
2016,Tom Brady,3554,8.2,432,291,67.4,28,2,112.2,163,37.7,45,8,79,15,87,23.0
2016,Cam Newton,3509,6.9,510,270,52.9,19,14,75.8,172,33.7,42,8,88,36,277,1.75
2016,Alex Smith,3502,7.2,489,328,67.1,15,8,91.2,181,37.0,39,8,80,28,140,23.5
2016,Marcus Mariota,3426,7.6,451,276,61.2,26,9,95.6,158,35.0,50,7,60,23,156,8.8
2016,Trevor Siemian,3401,7.0,486,289,59.5,18,10,84.6,155,31.9,37,8,76,31,187,2.0
2016,Tyrod Taylor,3023,6.9,436,269,61.7,17,6,89.6,147,33.7,33,7,84,42,192,15.25
2016,Ryan Tannehill,2995,7.7,389,261,67.1,19,12,93.5,132,33.9,37,11,74,29,216,7.0
2016,Brock Osweiler,2957,5.8,510,301,59.0,15,16,72.2,153,30.0,29,4,53,27,206,0.775
2016,Ryan Fitzpatrick,2710,6.7,403,228,56.6,12,17,69.6,128,31.8,38,5,57,19,81,3.0
2016,Case Keenum,2201,6.8,322,196,60.9,9,11,76.4,102,31.7,31,8,65,23,140,2.0
2016,Matt Barkley,1611,7.5,216,129,59.7,8,14,68.3,89,41.2,21,0,37,6,43,2.0
2016,Brian Hoyer,1445,7.2,200,134,67.0,6,0,98.0,75,37.5,13,1,64,4,18,6.0
2016,Cody Kessler,1380,7.1,195,128,65.6,6,2,92.2,67,34.4,17,4,44,21,140,0.91215
2016,Josh McCown,1100,6.7,165,90,54.6,6,6,72.3,56,33.9,14,2,54,18,126,6.0
2016,Jared Goff,1089,5.3,205,112,54.6,5,7,63.6,47,22.9,12,1,66,26,222,33.5
2016,Jay Cutler,1059,7.7,137,81,59.1,4,5,78.1,45,32.8,15,3,54,17,104,10.0
2016,Blaine Gabbert,925,5.8,160,91,56.9,5,6,68.4,51,31.9,10,1,75,11,48,0.855
2016,Robert Griffin III,886,6.0,147,87,59.2,2,3,72.6,43,29.2,9,3,58,22,138,1.1
2016,Matt Moore,721,8.3,87,55,63.2,8,3,105.6,35,40.2,9,4,66,1,0,1.03
2016,Landry Jones,558,6.5,86,53,61.6,4,2,86.3,26,30.2,5,2,51,4,34,2.2
2016,Jimmy Garoppolo,502,8.0,63,43,68.2,4,0,113.3,22,34.9,7,0,37,3,15,27.5
2016,Paxton Lynch,497,6.0,83,49,59.0,2,1,79.2,25,30.1,3,0,31,9,42,0.69
2016,Tom Savage,461,6.3,73,46,63.0,0,0,80.9,20,27.4,5,0,32,5,36,1.5
2016,Derek Anderson,453,8.6,53,36,67.9,2,5,67.6,22,41.5,7,1,48,0,0,1.07353
2016,Nick Foles,410,7.4,55,36,65.4,3,0,105.9,15,27.3,7,1,49,4,34,5.5
2016,Jacoby Brissett,400,7.3,55,34,61.8,0,0,83.9,18,32.7,4,1,58,6,46,27.975
2016,Matt Cassel,284,5.6,51,30,58.8,2,2,71.0,16,31.4,3,1,50,5,23,2.625
2016,Drew Stanton,192,4.0,48,19,39.6,2,3,39.6,11,22.9,3,0,29,1,8,3.25
2016,Connor Cook,150,7.1,21,14,66.7,1,1,83.4,6,28.6,1,0,32,2,7,0.1292
2016,Trevone Boykin,145,8.1,18,13,72.2,1,1,91.2,8,44.4,2,0,31,1,5,0.1224
2016,Geno Smith,126,9.0,14,8,57.1,1,1,81.2,3,21.4,1,1,69,3,19,1.2
2016,Kevin Hogan,104,4.0,26,14,53.8,0,2,31.6,6,23.1,0,0,17,2,10,0.63
2016,Cardale Jones,96,8.7,11,6,54.6,0,1,46.0,2,18.2,1,1,64,1,2,0.1292
2016,Mark Sanchez,93,5.2,18,10,55.6,0,2,30.3,5,27.8,1,0,33,3,25,2.0
2016,Mike Glennon,75,6.8,11,10,90.9,1,0,125.4,6,54.6,0,0,13,0,0,15.0
2016,Matt McGloin,50,3.3,15,8,53.3,0,0,60.4,3,20.0,0,0,19,0,0,0.8
2015,Drew Brees,4870,7.8,627,428,68.3,32,11,101.0,228,36.4,68,13,80,31,235,24.25
2015,Philip Rivers,4792,7.2,661,437,66.1,29,13,93.8,226,34.2,53,8,80,40,264,25.0
2015,Tom Brady,4770,7.6,624,402,64.4,36,7,102.2,228,36.5,58,12,76,38,225,20.5
2015,Carson Palmer,4671,8.7,537,342,63.7,35,11,104.6,231,43.0,65,15,68,25,151,21.0
2015,Matt Ryan,4591,7.5,614,407,66.3,21,16,89.0,229,37.3,49,9,70,30,206,30.0
2015,Blake Bortles,4428,7.3,606,355,58.6,35,18,88.2,215,35.5,72,11,90,51,320,17.4835
2015,Ryan Tannehill,4208,7.2,586,363,62.0,24,12,88.7,193,32.9,57,13,54,45,420,7.0
2015,Kirk Cousins,4166,7.7,543,379,69.8,29,11,101.6,204,37.6,50,8,78,26,186,19.953
2015,Jameis Winston,4042,7.6,535,312,58.3,22,15,84.2,201,37.6,57,9,68,27,190,1.1
2015,Russell Wilson,4024,8.3,483,329,68.1,34,8,110.1,187,38.7,60,9,80,45,265,35.0
2015,Derek Carr,3987,7.0,573,350,61.1,32,13,91.1,183,31.9,53,10,68,31,230,25.005
2015,Ben Roethlisberger,3938,8.4,469,319,68.0,21,16,94.5,174,37.1,48,17,69,20,141,34.0
2015,Ryan Fitzpatrick,3905,7.0,562,335,59.6,31,15,88.0,196,34.9,53,9,69,19,94,12.0
2015,Cam Newton,3837,7.8,495,296,59.8,35,10,99.4,195,39.4,52,10,74,33,284,1.75
2015,Aaron Rodgers,3821,6.7,572,347,60.7,31,8,92.7,173,30.2,55,6,65,46,314,33.5
2015,Sam Bradford,3725,7.0,532,346,65.0,19,14,86.4,164,30.8,46,13,78,28,200,17.5
2015,Jay Cutler,3659,7.6,483,311,64.4,21,11,92.3,171,35.4,53,10,87,29,150,10.0
2015,Alex Smith,3486,7.4,470,307,65.3,20,7,95.4,154,32.8,42,10,80,45,235,23.5
2015,Andy Dalton,3250,8.4,386,255,66.1,25,7,106.2,147,38.1,52,11,80,20,118,3.0
2015,Teddy Bridgewater,3231,7.2,447,292,65.3,14,9,88.7,153,34.2,41,6,52,44,307,6.0
2015,Tyrod Taylor,3035,8.0,380,242,63.7,20,6,99.4,129,34.0,45,11,63,36,212,18.0
2015,Marcus Mariota,2818,7.6,370,230,62.2,19,10,91.5,142,38.4,40,4,61,38,258,8.8
2015,Joe Flacco,2791,6.8,413,266,64.4,14,12,83.1,123,29.8,36,4,50,16,124,22.133333
2015,Brian Hoyer,2606,7.1,369,224,60.7,19,7,91.4,130,35.2,32,5,49,25,185,2.0
2015,Josh McCown,2109,7.2,292,186,63.7,12,4,93.2,96,32.9,24,6,56,23,137,6.0
2015,Nick Foles,2052,6.1,337,190,56.4,7,10,69.0,82,24.3,27,8,68,14,98,4.25
2015,Blaine Gabbert,2031,7.2,282,178,63.1,10,7,86.2,83,29.4,27,5,71,25,164,0.855
2015,Brock Osweiler,1967,7.2,275,170,61.8,10,6,86.4,91,33.1,17,4,72,23,151,18.0
2015,Andrew Luck,1881,6.4,293,162,55.3,15,12,74.9,90,30.7,22,3,87,15,88,24.594
2015,Colin Kaepernick,1615,6.6,244,144,59.0,6,5,78.5,71,29.1,19,7,76,28,166,15.6
2015,Ryan Mallett,1336,5.5,244,136,55.7,5,6,67.9,76,31.2,9,1,48,6,32,2.0
2015,Matt Cassel,1276,6.2,204,119,58.3,5,7,70.6,54,26.5,13,2,51,14,86,2.0
2015,Brandon Weeden,1043,7.4,140,97,69.3,5,2,96.8,53,37.9,10,3,67,10,77,2.0
2015,Case Keenum,828,6.6,125,76,60.8,4,1,87.7,41,32.8,7,2,60,4,28,2.0
2015,Kellen Moore,779,7.5,104,61,58.6,4,6,71.0,40,38.5,13,0,36,5,23,0.775
2015,Mark Sanchez,616,6.8,91,59,64.8,4,4,80.6,29,31.9,7,1,43,9,54,2.0
2015,Austin Davis,547,5.8,94,56,59.6,1,3,66.2,25,26.6,5,2,42,11,96,1.25
2015,Matt Schaub,540,6.8,80,52,65.0,3,4,76.0,28,35.0,6,2,48,3,27,1.75
2015,Landry Jones,513,9.3,55,32,58.2,3,4,77.3,19,34.6,9,3,88,2,17,2.2
2015,T.J. Yates,370,6.5,57,28,49.1,3,1,80.3,19,33.3,5,1,61,5,33,0.76
2015,Luke McCown,335,8.6,39,32,82.0,0,1,91.8,19,48.7,4,0,25,1,0,1.5
2015,Geno Smith,265,6.3,42,27,64.3,2,1,87.9,14,33.3,3,0,28,3,19,1.2
2015,Dan Orlovsky,201,5.0,40,22,55.0,1,1,66.8,13,32.5,3,0,23,0,0,1.065
2015,Charlie Whitehurst,150,4.7,32,16,50.0,0,1,50.3,9,28.1,1,0,33,5,28,1.0
2015,Matt McGloin,142,4.4,32,23,71.9,2,1,88.3,10,31.2,0,0,14,2,20,2.553
2015,Colt McCoy,128,11.6,11,7,63.6,1,0,133.9,4,36.4,2,1,71,1,13,3.0
2015,Drew Stanton,104,4.2,25,11,44.0,0,2,22.8,6,24.0,1,0,21,2,8,3.25
2015,Alex Tanney,99,7.1,14,10,71.4,1,0,114.9,7,50.0,1,0,29,3,34,0.585
2015,Ryan Nassib,68,13.6,5,5,100.0,1,0,158.3,4,80.0,1,0,25,0,0,0.855
2014,Drew Brees,4952,7.5,659,456,69.2,33,17,97.0,258,39.2,52,10,69,29,186,24.25
2014,Ben Roethlisberger,4952,8.1,608,408,67.1,32,9,103.3,240,39.5,55,15,94,33,172,21.85
2014,Andrew Luck,4761,7.7,616,380,61.7,40,16,96.5,234,38.0,73,15,80,27,161,24.594
2014,Peyton Manning,4727,7.9,597,395,66.2,39,15,101.5,225,37.7,66,11,86,17,118,17.0
2014,Matt Ryan,4694,7.5,628,415,66.1,28,14,93.9,230,36.6,60,8,79,31,205,30.0
2014,Eli Manning,4410,7.3,601,379,63.1,30,14,92.1,216,35.9,52,10,80,28,187,21.0
2014,Aaron Rodgers,4381,8.4,520,341,65.6,38,5,112.2,219,42.1,59,15,80,28,174,33.5
2014,Philip Rivers,4286,7.5,570,379,66.5,31,18,93.8,213,37.4,57,9,59,36,189,20.8125
2014,Tom Brady,4109,7.1,582,373,64.1,33,9,97.4,220,37.8,44,8,69,21,134,20.5
2014,Ryan Tannehill,4045,6.9,590,392,66.4,27,12,92.8,224,38.0,41,4,50,46,337,19.25
2014,Joe Flacco,3986,7.2,554,344,62.1,27,12,91.0,194,35.0,50,7,80,19,167,22.133333
2014,Jay Cutler,3812,6.8,561,370,66.0,28,18,88.6,181,32.3,39,8,74,38,223,10.0
2014,Russell Wilson,3475,7.7,452,285,63.0,20,7,95.0,159,35.2,54,8,80,42,242,21.9
2014,Andy Dalton,3398,7.1,481,309,64.2,19,17,83.5,158,32.8,33,7,81,21,124,3.0
2014,Colin Kaepernick,3369,7.0,478,289,60.5,19,10,86.4,163,34.1,48,5,80,52,344,15.6
2014,Brian Hoyer,3326,7.6,438,242,55.2,12,13,76.5,163,37.2,51,10,81,24,160,5.25
2014,Derek Carr,3270,5.5,599,348,58.1,21,12,76.6,163,27.2,28,7,77,24,149,25.005
2014,Alex Smith,3265,7.0,464,303,65.3,18,6,93.4,175,37.7,40,3,70,45,229,23.5
2014,Cam Newton,3127,7.0,448,262,58.5,18,12,82.1,155,34.6,37,4,51,38,300,20.76
2014,Teddy Bridgewater,2919,7.3,402,259,64.4,14,12,85.2,137,34.1,38,7,87,39,249,6.0
2014,Blake Bortles,2908,6.1,475,280,59.0,11,17,69.5,132,27.8,37,6,63,55,345,17.4835
2014,Geno Smith,2525,6.9,367,219,59.7,13,13,77.5,118,32.2,33,7,74,28,175,1.2
2014,Ryan Fitzpatrick,2483,8.0,312,197,63.1,17,8,95.3,119,38.1,38,8,76,21,83,12.0
2014,Mark Sanchez,2418,7.8,309,198,64.1,14,11,88.4,117,37.9,34,6,72,23,151,4.5
2014,Josh McCown,2206,6.8,327,184,56.3,11,14,70.5,98,30.0,28,6,56,36,235,4.666667
2014,Nick Foles,2163,7.0,311,186,59.8,13,10,81.4,101,32.5,29,7,68,9,74,12.25
2014,Austin Davis,2001,7.0,284,180,63.4,12,9,85.1,106,37.3,21,4,59,29,179,2.086765
2014,Drew Stanton,1711,7.1,240,132,55.0,7,5,78.7,77,32.1,29,6,49,11,66,3.25
2014,Kirk Cousins,1710,8.4,204,126,61.8,10,9,86.4,75,36.8,27,8,81,8,70,19.953
2014,Robert Griffin III,1694,7.9,214,147,68.7,4,6,86.9,67,31.3,18,8,69,33,227,7.5
2014,Shaun Hill,1657,7.2,229,145,63.3,8,7,83.9,81,35.4,22,3,63,18,116,3.25
2014,Carson Palmer,1626,7.3,224,141,63.0,11,3,95.6,82,36.6,19,3,80,9,59,21.0
2014,Mike Glennon,1417,7.0,203,117,57.6,10,6,83.3,64,31.5,23,3,41,16,91,15.0
2014,Charlie Whitehurst,1326,7.2,185,105,56.8,7,2,87.4,56,30.3,18,2,75,18,103,2.0
2014,Colt McCoy,1057,8.3,128,91,71.1,4,3,96.4,44,34.4,12,4,70,17,117,1.5
2014,Derek Anderson,701,7.2,97,65,67.0,5,0,105.2,44,45.4,6,0,35,4,17,2.25
2014,Ryan Lindley,562,6.0,93,45,48.4,2,4,56.8,30,32.3,9,1,41,6,46,0.6675
2014,Chad Henne,492,6.3,78,42,53.8,3,1,80.7,19,24.4,5,3,63,16,105,4.0
2014,Case Keenum,435,5.6,77,45,58.4,2,2,72.2,21,27.3,6,0,35,3,15,0.585
2014,Matt Cassel,425,6.0,71,41,57.8,3,4,65.8,21,29.6,5,0,28,6,39,2.0
2014,Ryan Mallett,400,5.3,75,41,54.7,2,2,67.6,23,30.7,3,1,41,1,5,3.5
2014,Brandon Weeden,303,7.4,41,24,58.5,3,2,85.7,16,39.0,5,2,43,1,9,2.0
2014,Matt Hasselbeck,301,6.8,44,30,68.2,2,0,102.6,17,38.6,5,0,32,2,7,3.0
2014,Jimmy Clausen,223,4.6,48,26,54.2,2,1,71.8,13,27.1,2,0,22,3,20,1.125
2014,Christian Ponder,222,5.0,44,22,50.0,0,2,45.8,13,29.6,0,0,18,6,34,2.25
2014,Jimmy Garoppolo,182,6.7,27,19,70.4,1,0,101.2,8,29.6,2,0,37,5,36,27.5
2014,Connor Shaw,177,6.3,28,14,50.0,0,1,55.2,10,35.7,2,1,49,4,27,0.465
2014,Chase Daniel,157,5.6,28,16,57.1,0,0,73.1,8,28.6,3,0,30,4,17,7.0
2014,Matt McGloin,129,6.8,19,12,63.2,1,2,61.0,6,31.6,2,0,29,1,8,2.553
2014,Tom Savage,127,6.7,19,10,52.6,0,1,51.9,6,31.6,2,0,35,1,5,1.5
2013,Peyton Manning,5477,8.3,659,450,68.3,55,10,115.1,289,43.8,68,13,78,18,120,17.0
2013,Drew Brees,5162,7.9,650,446,68.6,39,12,104.7,244,37.5,67,15,76,37,244,24.25
2013,Matt Ryan,4515,6.9,651,439,67.4,26,17,89.6,225,34.6,44,9,81,44,298,30.0
2013,Philip Rivers,4478,8.2,544,378,69.5,32,11,105.5,230,42.3,60,6,60,30,150,20.8125
2013,Tom Brady,4343,6.9,628,380,60.5,25,11,87.3,225,35.8,49,8,81,40,256,20.5
2013,Andy Dalton,4293,7.3,586,363,62.0,33,20,88.8,204,34.8,56,15,82,29,182,16.0
2013,Carson Palmer,4274,7.5,572,362,63.3,24,22,83.9,204,35.7,49,9,91,41,289,16.5
2013,Ben Roethlisberger,4261,7.3,584,375,64.2,28,14,92.0,205,35.1,60,10,67,42,282,21.85
2013,Ryan Tannehill,3913,6.6,588,355,60.4,24,17,81.7,204,34.7,46,10,67,58,399,19.25
2013,Joe Flacco,3912,6.4,614,362,59.0,19,22,73.2,189,30.8,45,14,74,48,324,22.133333
2013,Andrew Luck,3822,6.7,570,343,60.2,23,9,87.0,185,32.5,43,9,73,32,227,24.594
2013,Eli Manning,3818,6.9,551,317,57.5,18,27,69.4,174,31.6,54,7,70,39,281,21.0
2013,Cam Newton,3379,7.1,473,292,61.7,24,13,88.8,169,35.7,33,7,79,43,336,20.76
2013,Russell Wilson,3357,8.2,407,257,63.1,26,9,101.2,153,37.6,49,10,80,44,272,21.9
2013,Alex Smith,3313,6.5,508,308,60.6,23,7,89.1,165,32.5,42,6,71,39,210,17.0
2013,Chad Henne,3241,6.4,503,305,60.6,13,14,76.5,151,30.0,37,5,62,38,243,4.0
2013,Robert Griffin III,3203,7.0,456,274,60.1,16,12,82.2,157,34.4,32,4,62,38,274,7.5
2013,Colin Kaepernick,3197,7.7,416,243,58.4,21,8,91.6,147,35.3,46,10,64,39,231,19.0
2013,Geno Smith,3046,6.9,443,247,55.8,12,21,66.5,143,32.3,43,6,69,43,315,1.2
2013,Nick Foles,2891,9.1,317,203,64.0,27,2,119.2,129,40.7,52,13,63,28,173,12.25
2013,Jay Cutler,2621,7.4,355,224,63.1,19,12,89.2,125,35.2,32,8,67,19,132,18.1
2013,Mike Glennon,2608,6.3,416,247,59.4,19,9,83.9,126,30.3,28,7,85,40,314,15.0
2013,Aaron Rodgers,2536,8.7,290,193,66.6,17,6,104.9,108,37.2,35,7,83,21,117,33.5
2013,Ryan Fitzpatrick,2454,7.0,350,217,62.0,14,12,82.0,116,33.1,32,7,77,21,109,3.625
2013,Matt Schaub,2310,6.4,358,219,61.2,10,14,73.0,115,32.1,26,3,46,21,162,6.75
2013,Jason Campbell,2015,6.4,317,180,56.8,11,8,76.9,86,27.1,25,7,80,16,97,1.5
2013,Josh McCown,1829,8.2,224,149,66.5,13,1,109.0,90,40.2,21,3,80,11,37,5.0
2013,Matt Cassel,1807,7.1,254,153,60.2,11,9,81.6,80,31.5,26,5,79,16,85,5.25
2013,Case Keenum,1760,7.0,253,137,54.2,9,6,78.2,76,30.0,26,6,66,19,201,0.495
2013,Brandon Weeden,1731,6.5,267,141,52.8,9,9,70.3,80,30.0,21,6,95,27,180,0.615
2013,Sam Bradford,1687,6.4,262,159,60.7,14,4,90.9,85,32.4,19,3,73,15,97,17.5
2013,Kellen Clemens,1673,6.9,242,142,58.7,8,7,78.8,80,33.1,22,2,81,21,138,1.08
2013,Christian Ponder,1648,6.9,239,152,63.6,7,9,77.9,83,34.7,26,2,47,27,119,2.25
2013,Matt McGloin,1547,7.3,211,118,55.9,8,8,76.1,69,32.7,29,4,52,6,53,2.553
2013,Matt Flynn,1392,7.0,200,124,62.0,8,5,85.7,69,34.5,19,2,56,24,135,0.87
2013,Kirk Cousins,854,5.5,155,81,52.3,4,7,58.4,41,26.4,7,2,62,5,32,19.953
2013,Josh Freeman,761,5.2,147,63,42.9,2,4,52.6,40,27.2,13,0,39,8,61,0.795
2013,Scott Tolzien,717,8.0,90,55,61.1,1,5,66.8,29,32.2,13,2,52,3,26,1.75
2013,Brian Hoyer,615,6.4,96,57,59.4,5,3,82.6,33,34.4,6,1,47,6,48,5.25
2013,Blaine Gabbert,481,5.6,86,42,48.8,1,7,36.0,23,26.7,6,1,67,12,67,2.0
2013,Kyle Orton,398,7.8,51,33,64.7,2,2,85.2,19,37.2,4,0,39,0,0,5.5
2013,Jeff Tuel,309,5.2,59,26,44.1,1,3,45.1,15,25.4,3,1,59,2,11,0.555
2013,Matt Barkley,300,6.1,49,30,61.2,0,4,44.6,17,34.7,3,0,26,3,24,0.2448
2013,Chase Daniel,248,6.5,38,25,65.8,1,1,81.9,14,36.8,3,1,48,2,11,7.0
2013,Matt Simms,156,5.0,31,16,51.6,1,1,63.4,8,25.8,2,0,25,4,23,0.66
2013,Tarvaris Jackson,151,11.6,13,10,76.9,1,0,140.2,7,53.8,3,0,35,0,0,1.5
2013,Matt Hasselbeck,130,10.8,12,7,58.3,0,1,61.1,6,50.0,2,1,57,0,0,3.0
2013,T.J. Yates,113,5.1,22,15,68.2,0,2,42.4,7,31.8,1,0,20,2,7,0.76
2013,Brock Osweiler,95,5.9,16,11,68.8,0,0,84.1,4,25.0,0,0,19,2,8,18.0
2012,Drew Brees,5177,7.7,670,422,63.0,43,19,96.3,266,39.7,66,13,80,26,190,24.25
2012,Tony Romo,4903,7.6,648,425,65.6,28,19,90.4,231,35.6,54,9,85,36,263,18.0
2012,Tom Brady,4827,7.6,637,401,63.0,34,8,98.7,255,40.0,57,8,83,27,182,11.4
2012,Matt Ryan,4719,7.7,615,422,68.6,32,14,99.1,246,40.0,46,10,80,28,210,20.75
2012,Peyton Manning,4659,8.0,583,400,68.6,37,11,105.8,230,39.4,64,7,71,21,137,17.0
2012,Andrew Luck,4374,7.0,627,339,54.1,23,18,76.5,208,33.2,65,11,70,41,246,24.594
2012,Aaron Rodgers,4295,7.8,552,371,67.2,39,8,108.0,211,38.2,54,9,73,51,293,22.0
2012,Josh Freeman,4065,7.3,558,306,54.8,27,17,81.6,185,33.2,55,16,95,26,161,2.833334
2012,Carson Palmer,4018,7.1,565,345,61.1,22,14,85.2,184,32.6,49,10,64,26,199,8.5
2012,Matt Schaub,4008,7.4,544,350,64.3,22,12,90.7,202,37.1,46,8,60,27,216,6.75
2012,Eli Manning,3948,7.4,536,321,59.9,26,15,87.2,186,34.7,50,10,80,19,136,21.0
2012,Cam Newton,3869,8.0,485,280,57.7,19,12,86.2,168,34.6,57,11,82,36,244,20.76
2012,Joe Flacco,3817,7.2,531,317,59.7,22,10,87.8,174,32.8,60,12,61,35,227,20.1
2012,Sam Bradford,3702,6.7,551,328,59.5,21,13,82.6,185,33.6,41,8,80,35,233,17.5
2012,Andy Dalton,3669,7.0,528,329,62.3,27,16,87.4,171,32.4,37,12,59,46,229,16.0
2012,Philip Rivers,3606,6.8,527,338,64.1,26,15,88.6,184,34.9,41,3,80,49,311,20.8125
2012,Ryan Fitzpatrick,3400,6.7,505,306,60.6,24,16,83.3,174,34.5,44,7,68,30,161,3.25
2012,Brandon Weeden,3385,6.6,517,297,57.4,14,17,72.6,168,32.5,48,6,71,28,186,0.615
2012,Ryan Tannehill,3294,6.8,484,282,58.3,12,13,76.1,151,31.2,40,3,80,35,234,19.25
2012,Ben Roethlisberger,3265,7.3,449,284,63.2,26,8,97.0,167,37.2,39,6,82,30,182,21.85
2012,Robert Griffin III,3200,8.1,393,258,65.6,20,5,102.4,151,38.4,47,6,88,30,217,7.5
2012,Russell Wilson,3118,7.9,393,252,64.1,26,10,100.0,149,37.9,42,11,67,33,203,21.9
2012,Jay Cutler,3033,7.0,434,255,58.8,19,14,81.3,153,35.2,38,5,60,38,250,18.1
2012,Christian Ponder,2935,6.1,483,300,62.1,18,12,81.2,163,33.8,28,3,65,32,184,2.25
2012,Mark Sanchez,2883,6.4,453,246,54.3,13,18,66.9,146,32.2,36,5,66,34,209,2.25
2012,Chad Henne,2084,6.8,308,166,53.9,11,11,72.2,85,27.6,30,5,81,28,169,4.0
2012,Colin Kaepernick,1814,8.3,218,136,62.4,10,3,98.3,85,39.0,32,4,57,16,112,19.0
2012,Matt Cassel,1796,6.5,277,161,58.1,6,12,66.7,96,34.7,24,1,46,19,101,3.7
2012,Alex Smith,1737,8.0,218,153,70.2,13,5,104.1,87,39.9,22,4,55,24,137,17.0
2012,Nick Foles,1699,6.4,265,161,60.8,6,5,79.1,76,28.7,24,2,46,20,131,12.25
2012,Blaine Gabbert,1662,6.0,278,162,58.3,9,6,77.4,72,25.9,18,3,80,22,158,2.0
2012,Matt Hasselbeck,1367,6.2,221,138,62.4,7,5,81.0,71,32.1,13,0,37,14,103,3.625
2012,Kevin Kolb,1169,6.4,183,109,59.6,8,3,86.1,62,33.9,13,1,46,27,159,3.05
2012,Ryan Lindley,752,4.4,171,89,52.0,0,7,46.7,38,22.2,6,0,28,12,91,0.57
2012,Kirk Cousins,466,9.7,48,33,68.8,4,3,101.6,20,41.7,6,2,77,3,27,19.953
2012,Brian Hoyer,330,6.2,53,30,56.6,1,2,65.8,13,24.5,4,1,53,4,30,2.023
2012,Jason Campbell,265,5.2,51,32,62.8,2,2,72.8,10,19.6,1,1,45,6,49,1.875
2012,Greg McElroy,214,6.9,31,19,61.3,1,1,79.2,13,41.9,2,0,30,11,71,0.102
2012,Tyrod Taylor,179,6.2,29,17,58.6,0,1,62.3,8,27.6,2,0,25,3,30,1.116667
2012,Shaun Hill,172,13.2,13,10,76.9,2,0,157.8,8,61.5,4,1,46,0,0,1.75
2012,Matt Moore,131,6.9,19,11,57.9,1,0,96.6,7,36.8,2,0,37,2,9,4.0
2012,Matt Leinart,115,3.5,33,16,48.5,0,1,44.4,7,21.2,1,0,20,1,9,0.84
2012,Kyle Orton,89,8.9,10,9,90.0,1,0,137.1,6,60.0,1,0,21,0,0,5.5
2012,Colt McCoy,79,4.6,17,9,52.9,1,0,85.2,5,29.4,1,0,21,4,25,0.795
2011,Drew Brees,5476,8.3,657,468,71.2,46,14,110.6,278,42.3,69,11,79,24,158,20.0
2011,Tom Brady,5235,8.6,611,401,65.6,39,12,105.6,261,42.7,71,14,99,32,173,11.4
2011,Eli Manning,4933,8.4,589,359,61.0,29,16,92.9,216,36.7,67,18,99,28,199,21.0
2011,Aaron Rodgers,4643,9.2,502,343,68.3,45,6,122.5,208,41.4,64,13,93,36,219,22.0
2011,Philip Rivers,4624,8.0,582,366,62.9,27,20,88.7,234,40.2,69,8,58,30,198,20.8125
2011,Tony Romo,4184,8.0,522,346,66.3,31,10,102.5,203,38.9,56,11,77,36,227,18.0
2011,Matt Ryan,4177,7.4,566,347,61.3,29,12,92.2,205,36.2,55,10,80,26,173,20.75
2011,Ben Roethlisberger,4077,8.0,513,324,63.2,21,14,90.1,210,40.9,56,9,95,40,269,21.85
2011,Cam Newton,4051,7.8,517,310,60.0,21,17,84.5,173,33.5,65,9,91,35,260,20.76
2011,Ryan Fitzpatrick,3832,6.7,569,353,62.0,24,23,79.1,178,31.3,48,8,60,22,148,3.25
2011,Joe Flacco,3610,6.7,542,312,57.6,20,12,80.9,179,33.0,44,7,74,31,203,20.1
2011,Josh Freeman,3592,6.5,551,346,62.8,16,22,74.6,168,30.5,33,5,65,29,164,2.833334
2011,Matt Hasselbeck,3571,6.9,518,319,61.6,18,14,82.4,163,31.5,43,10,80,19,153,3.625
2011,Mark Sanchez,3474,6.4,543,308,56.7,26,18,78.2,171,31.5,39,2,74,39,243,13.491667
2011,Andy Dalton,3398,6.6,516,300,58.1,20,13,80.4,156,30.2,48,10,84,24,160,16.0
2011,Rex Grossman,3151,6.9,458,265,57.9,16,20,72.4,159,34.7,48,6,51,25,201,0.97
2011,Alex Smith,3144,7.1,445,273,61.4,17,5,90.7,147,33.0,41,6,56,44,263,8.0
2011,Tarvaris Jackson,3091,6.9,450,271,60.2,14,13,79.2,138,30.7,45,8,61,42,293,1.5
2011,Carson Palmer,2753,8.4,328,199,60.7,13,16,80.5,122,37.2,43,11,78,17,119,8.5
2011,Colt McCoy,2733,5.9,463,265,57.2,14,11,74.6,144,31.1,26,5,56,32,173,0.795
2011,Matt Moore,2497,7.2,347,210,60.5,16,9,87.1,122,35.2,38,6,65,36,229,4.0
2011,Matt Schaub,2479,8.5,292,178,61.0,15,6,96.8,118,40.4,37,9,80,16,98,15.5
2011,Jay Cutler,2319,7.4,314,182,58.0,13,7,85.7,106,33.8,32,5,56,23,159,18.1
2011,Blaine Gabbert,2214,5.4,413,210,50.8,12,11,65.4,109,26.4,25,4,74,40,293,2.0
2011,Sam Bradford,2164,6.1,357,191,53.5,6,6,70.5,104,29.1,25,3,68,36,248,17.5
2011,Kevin Kolb,1955,7.7,253,146,57.7,9,8,81.0,88,34.8,23,8,73,30,219,3.05
2011,Christian Ponder,1853,6.4,291,158,54.3,13,13,70.1,91,31.3,23,4,72,30,164,2.25
2011,Kyle Orton,1758,7.0,252,150,59.5,9,9,77.8,94,37.3,19,4,52,10,54,3.5
2011,Tim Tebow,1729,6.4,271,126,46.5,12,6,73.0,76,28.0,25,6,56,33,225,2.018125
2011,Matt Cassel,1713,6.4,269,160,59.5,10,9,76.6,83,30.9,21,5,52,22,120,3.7
2011,Dan Orlovsky,1201,6.2,193,122,63.2,6,4,82.4,70,36.3,8,1,40,14,84,1.065
2011,Jason Campbell,1170,7.1,165,100,60.6,6,4,84.2,56,33.9,17,3,58,5,19,3.5
2011,T.J. Yates,949,7.1,134,82,61.2,3,3,80.7,48,35.8,12,1,50,15,74,0.76
2011,Chad Henne,868,7.8,112,64,57.1,4,4,79.0,41,36.6,16,1,41,11,67,3.375
2011,Vince Young,866,7.6,114,66,57.9,4,9,60.8,39,34.2,13,3,58,8,34,2.0
2011,Kellen Clemens,546,6.0,91,48,52.8,2,1,73.8,28,30.8,7,0,36,9,68,1.08
2011,Matt Flynn,518,10.6,49,33,67.4,6,2,124.8,22,44.9,6,3,80,5,18,6.5
2011,Josh McCown,414,7.5,55,35,63.6,2,4,68.3,18,32.7,5,1,49,7,43,0.875
2011,Joe Webb,376,6.0,63,34,54.0,3,2,74.6,16,25.4,4,0,36,3,21,0.93
2011,Charlie Whitehurst,298,5.3,56,27,48.2,1,1,63.0,14,25.0,5,0,38,8,46,1.525
2011,Luke McCown,296,5.3,56,30,53.6,0,4,39.0,13,23.2,5,0,26,4,38,0.825
2011,Josh Johnson,246,6.8,36,19,52.8,1,2,60.6,12,33.3,4,1,42,3,24,1.0575
2011,Bruce Gradkowski,109,6.1,18,8,44.4,1,1,59.7,4,22.2,3,1,41,1,7,0.965
2011,Mike Kafka,107,6.7,16,11,68.8,0,2,47.7,3,18.8,1,1,43,1,6,0.66
2010,Philip Rivers,4710,8.7,541,357,66.0,30,13,101.8,234,43.2,65,14,59,38,227,20.8125
2010,Peyton Manning,4700,6.9,679,450,66.3,33,17,91.9,253,37.3,43,9,73,16,91,18.0
2010,Drew Brees,4620,7.0,658,448,68.1,33,22,90.9,236,35.9,47,10,80,25,185,20.0
2010,Matt Schaub,4370,7.6,574,365,63.6,24,12,92.0,222,38.7,59,9,60,32,226,15.5
2010,Eli Manning,4002,7.4,539,339,62.9,31,25,85.3,192,35.6,57,7,92,16,117,21.0
2010,Carson Palmer,3970,6.8,586,362,61.8,26,20,82.4,205,35.0,45,9,78,26,201,10.75
2010,Aaron Rodgers,3922,8.3,475,312,65.7,28,11,101.2,183,38.5,54,10,86,31,193,22.0
2010,Tom Brady,3900,7.9,492,324,65.8,36,4,111.0,189,38.4,53,9,79,25,175,11.4
2010,Matt Ryan,3705,6.5,571,357,62.5,28,9,91.0,199,34.8,32,6,46,23,158,20.75
2010,Kyle Orton,3653,7.3,498,293,58.8,20,9,87.5,173,34.7,52,11,71,34,243,3.5
2010,Joe Flacco,3622,7.4,489,306,62.6,25,10,93.6,174,35.6,40,7,67,40,294,20.1
2010,Sam Bradford,3512,6.0,590,354,60.0,18,15,76.5,179,30.3,36,4,49,34,244,17.5
2010,Josh Freeman,3451,7.3,474,291,61.4,25,6,95.9,166,35.0,48,10,64,28,195,2.833334
2010,Donovan McNabb,3377,7.2,472,275,58.3,14,15,77.1,152,32.2,41,11,76,37,271,5.05
2010,Chad Henne,3301,6.7,490,301,61.4,15,19,75.4,168,34.3,37,4,57,30,178,3.375
2010,Mark Sanchez,3291,6.5,507,278,54.8,17,13,75.3,162,32.0,43,10,74,27,171,13.491667
2010,Jay Cutler,3274,7.6,432,261,60.4,23,16,86.3,159,36.8,41,6,89,52,352,18.1
2010,Ben Roethlisberger,3200,8.2,389,240,61.7,17,5,97.0,149,38.3,52,8,56,32,220,21.85
2010,Matt Cassel,3116,6.9,450,262,58.2,27,7,93.0,163,36.2,40,4,75,26,182,3.7
2010,Matt Hasselbeck,3001,6.8,444,266,59.9,12,17,73.2,136,30.6,33,10,87,29,175,6.666667
2010,Ryan Fitzpatrick,3000,6.8,441,255,57.8,23,15,81.8,151,34.2,39,8,65,24,145,9.833333
2010,Shaun Hill,2686,6.5,416,257,61.8,16,12,81.3,133,32.0,32,3,75,17,113,2.75
2010,Jason Campbell,2387,7.3,329,194,59.0,13,8,84.5,108,32.8,29,8,73,33,208,3.5
2010,Alex Smith,2370,6.9,342,204,59.6,14,10,82.1,103,30.1,30,7,62,25,140,4.0
2010,Derek Anderson,2065,6.3,327,169,51.7,7,10,65.9,97,29.7,32,1,43,25,176,0.735
2010,Tony Romo,1605,7.5,213,148,69.5,11,7,94.9,75,35.2,21,2,69,7,41,18.0
2010,Colt McCoy,1576,7.1,222,135,60.8,6,9,74.5,79,35.6,23,2,47,23,132,0.795
2010,Jimmy Clausen,1558,5.2,299,157,52.5,3,9,58.4,73,24.4,16,2,55,33,223,1.125
2010,Vince Young,1255,8.0,156,93,59.6,10,3,98.6,58,37.2,19,3,71,13,80,4.0
2010,Kevin Kolb,1197,6.3,189,115,60.8,7,7,76.1,58,30.7,13,3,83,15,99,12.4216
2010,Bruce Gradkowski,1059,6.8,157,83,52.9,5,7,66.3,50,31.8,15,4,70,10,77,0.965
2010,Rex Grossman,884,6.6,133,74,55.6,7,4,81.2,42,31.6,10,2,64,9,77,0.97
2010,Matt Moore,857,6.0,143,79,55.2,5,10,55.6,47,32.9,11,0,39,13,90,2.5125
2010,Drew Stanton,780,6.6,119,69,58.0,4,3,78.4,39,32.8,7,3,87,6,42,0.9
2010,Tim Tebow,654,8.0,82,41,50.0,5,3,82.1,31,37.8,10,2,50,6,26,2.018125
2010,Charlie Whitehurst,507,5.1,99,57,57.6,2,3,65.5,22,22.2,5,1,61,5,13,1.525
2010,Joe Webb,477,5.4,89,54,60.7,0,3,60.9,27,30.3,4,1,46,8,48,0.93
2010,Matt Flynn,433,6.6,66,40,60.6,3,2,82.4,21,31.8,3,1,66,7,38,6.5
2010,Tarvaris Jackson,341,5.9,58,34,58.6,3,4,63.9,18,31.0,5,1,46,6,43,1.5
2010,Brian Hoyer,122,8.1,15,7,46.7,1,1,69.3,7,46.7,1,1,42,0,0,1.927
2010,Luke McCown,120,6.3,19,11,57.9,0,0,76.6,6,31.6,1,0,25,0,0,1.8
2010,Mark Brunell,117,9.0,13,7,53.8,2,1,92.0,7,53.8,1,1,52,1,7,0.96
2010,Josh Johnson,111,6.9,16,14,87.5,0,0,95.6,5,31.2,1,0,22,2,8,1.0575
2009,Matt Schaub,4770,8.2,583,396,67.9,29,15,98.6,230,39.4,62,15,72,25,149,15.5
2009,Peyton Manning,4500,7.9,571,393,68.8,33,16,99.9,237,41.5,59,8,80,10,74,18.0
2009,Tony Romo,4483,8.2,550,347,63.1,26,9,97.6,203,36.9,61,17,80,34,196,18.0
2009,Aaron Rodgers,4434,8.2,541,350,64.7,30,7,103.2,197,36.4,55,17,83,50,306,22.0
2009,Tom Brady,4398,7.8,565,371,65.7,28,13,96.2,214,37.9,43,12,81,16,86,18.0
2009,Drew Brees,4388,8.5,514,363,70.6,34,11,109.6,210,40.9,58,11,75,20,135,20.0
2009,Ben Roethlisberger,4328,8.6,506,337,66.6,26,12,100.5,202,39.9,61,14,60,50,348,21.85
2009,Philip Rivers,4254,8.8,486,317,65.2,28,9,104.4,208,42.8,64,12,81,25,167,20.8125
2009,Brett Favre,4202,7.9,531,363,68.4,33,7,107.2,211,39.7,52,13,63,34,247,16.0
2009,Eli Manning,4021,7.9,509,317,62.3,27,14,93.1,183,36.0,60,12,74,30,216,21.0
2009,Kyle Orton,3802,7.0,541,336,62.1,21,12,86.8,185,34.2,43,9,87,29,159,8.379
2009,Jay Cutler,3666,6.6,555,336,60.5,27,26,76.8,170,30.6,56,6,71,35,204,18.1
2009,Jason Campbell,3618,7.1,507,327,64.5,20,15,86.4,186,36.7,40,8,84,43,285,4.6
2009,Joe Flacco,3613,7.2,499,315,63.1,21,12,88.9,186,37.3,44,8,72,36,218,20.1
2009,Donovan McNabb,3553,8.0,443,267,60.3,22,10,92.9,148,33.4,55,17,60,35,264,14.85
2009,Carson Palmer,3094,6.6,466,282,60.5,21,13,83.6,158,33.9,36,5,73,26,213,10.75
2009,Matt Hasselbeck,3029,6.2,488,293,60.0,17,17,75.1,146,29.9,32,5,53,32,209,6.666667
2009,Matt Cassel,2924,5.9,493,271,55.0,16,16,69.9,128,26.0,37,8,61,42,243,3.7
2009,Matt Ryan,2916,6.5,451,263,58.3,22,14,81.0,152,33.7,31,4,90,19,92,20.75
2009,Chad Henne,2878,6.4,451,274,60.8,12,14,75.2,156,34.6,23,4,67,26,176,3.375
2009,Mark Sanchez,2444,6.7,364,196,53.8,12,20,63.0,123,33.8,34,8,65,26,195,13.491667
2009,Alex Smith,2350,6.3,372,225,60.5,18,12,81.5,98,26.3,33,5,73,22,134,4.0
2009,Vince Young,1879,7.2,259,152,58.7,10,7,82.8,91,35.1,21,4,66,9,36,4.0
2009,Josh Freeman,1855,6.4,290,158,54.5,10,18,59.8,89,30.7,25,2,42,20,102,2.833334
2009,Ryan Fitzpatrick,1422,6.3,227,127,56.0,9,10,69.7,63,27.8,15,4,98,21,127,9.833333
2009,Matt Moore,1053,7.6,138,85,61.6,8,2,98.5,52,37.7,14,6,66,9,78,3.043
2009,Bruce Gradkowski,1007,6.7,150,82,54.7,6,3,80.6,44,29.3,12,2,75,11,71,0.965
2009,Shaun Hill,943,6.1,155,87,56.1,5,2,79.6,39,25.2,9,2,61,18,107,3.586667
2009,Derek Anderson,888,4.9,182,81,44.5,3,10,42.1,43,23.6,13,1,43,11,75,3.625
2009,Kevin Kolb,741,7.7,96,62,64.6,4,3,88.9,31,32.3,8,3,71,3,27,12.222
2009,Josh Johnson,685,5.5,125,63,50.4,4,8,50.9,32,25.6,8,0,35,11,59,1.0575
2009,Matt Leinart,435,5.6,77,51,66.2,0,3,64.6,22,28.6,7,0,28,2,12,1.0
2009,Chad Pennington,413,5.6,74,51,68.9,1,2,76.0,27,36.5,3,0,21,6,32,5.75
2009,Drew Stanton,259,5.1,51,26,51.0,0,6,26.1,12,23.5,5,0,30,5,27,0.9
2009,David Carr,225,6.8,33,21,63.6,1,0,93.6,11,33.3,2,0,37,2,11,3.125
2009,Tarvaris Jackson,201,9.6,21,14,66.7,1,0,113.4,9,42.9,3,0,34,0,0,1.5
2009,Brian Hoyer,142,5.3,27,19,70.4,0,0,82.6,8,29.6,0,0,17,2,18,1.927
2009,Kellen Clemens,125,4.8,26,13,50.0,0,0,63.8,7,26.9,2,0,26,4,21,1.08
2009,Mark Brunell,102,3.4,30,15,50.0,0,1,44.0,5,16.7,0,0,18,0,0,1.5
2008,Drew Brees,5069,8.0,635,413,65.0,34,17,96.2,232,36.5,66,16,84,13,92,20.0
2008,Kurt Warner,4583,7.7,598,401,67.1,30,14,96.9,220,36.8,50,12,79,26,182,11.5
2008,Jay Cutler,4526,7.4,616,384,62.3,25,18,86.0,222,36.0,55,7,93,11,69,14.45625
2008,Aaron Rodgers,4038,7.5,536,341,63.6,28,13,93.8,182,34.0,48,16,71,34,231,22.0
2008,Philip Rivers,4009,8.4,478,312,65.3,34,11,105.5,191,40.0,48,12,67,25,151,15.3
2008,Peyton Manning,4002,7.2,555,371,66.8,27,12,95.0,210,37.8,40,7,75,14,86,18.0
2008,Donovan McNabb,3916,6.9,571,345,60.4,23,11,86.4,196,34.3,52,11,90,23,149,12.1
2008,Matt Cassel,3693,7.2,516,327,63.4,21,11,89.4,182,35.3,37,6,76,47,219,10.5
2008,Chad Pennington,3653,7.7,476,321,67.4,19,7,97.4,180,37.8,38,8,80,24,121,5.75
2008,Brett Favre,3472,6.6,522,343,65.7,22,22,81.0,184,35.2,40,7,56,30,213,12.5
2008,Tony Romo,3448,7.7,450,276,61.3,26,14,91.4,150,33.3,48,11,75,20,123,18.0
2008,Matt Ryan,3440,7.9,434,265,61.1,16,11,87.7,157,36.2,45,9,70,17,104,20.75
2008,Ben Roethlisberger,3301,7.0,469,281,59.9,17,15,80.1,162,34.5,35,7,65,46,284,21.85
2008,Jason Campbell,3245,6.4,506,315,62.2,13,6,84.3,162,32.0,34,3,67,38,266,4.6
2008,Eli Manning,3238,6.8,479,289,60.3,21,10,86.4,169,35.3,32,4,48,27,174,16.25
2008,Matt Schaub,3043,8.0,380,251,66.0,15,10,92.7,146,38.4,42,8,65,23,149,15.5
2008,Kyle Orton,2972,6.4,465,272,58.5,18,12,79.6,141,30.3,34,3,65,27,160,8.379
2008,Joe Flacco,2971,6.9,428,257,60.0,14,12,80.3,143,33.4,37,10,70,32,276,20.1
2008,Jeff Garcia,2712,7.2,376,244,64.9,12,6,90.2,125,33.2,33,5,71,23,100,0.91
2008,Shaun Hill,2046,7.1,288,181,62.8,13,8,87.5,99,34.4,27,3,48,23,148,3.586667
2008,Ryan Fitzpatrick,1905,5.1,372,221,59.4,8,9,70.0,100,26.9,14,2,79,38,193,2.75
2008,Dan Orlovsky,1616,6.3,255,143,56.1,8,8,72.6,73,28.6,20,2,96,14,95,1.065
2008,Derek Anderson,1615,5.7,283,142,50.2,9,8,66.5,82,29.0,16,5,70,14,87,3.625
2008,Matt Hasselbeck,1216,5.8,209,109,52.2,5,10,57.8,65,31.1,14,0,34,19,119,6.666667
2008,Tarvaris Jackson,1056,7.1,149,88,59.1,9,2,95.4,48,32.2,16,4,59,14,97,1.5
2008,Carson Palmer,731,5.7,129,75,58.1,3,4,69.0,41,31.8,7,0,36,11,67,10.75
2008,Matt Leinart,264,9.1,29,15,51.7,1,1,80.2,10,34.5,4,1,78,2,19,1.0
2008,Rex Grossman,257,4.2,62,32,51.6,2,2,59.7,12,19.4,1,0,29,2,8,0.97
2008,Vince Young,219,6.1,36,22,61.1,1,2,64.5,9,25.0,3,1,54,3,13,4.0
2008,Kevin Kolb,144,4.2,34,17,50.0,0,4,21.8,8,23.5,0,0,16,0,0,12.222
2008,Drew Stanton,119,7.0,17,9,52.9,1,0,95.0,6,35.3,2,1,41,6,35,0.9
2008,David Carr,115,9.6,12,9,75.0,2,0,144.1,7,58.3,2,0,27,1,2,2.1
2007,Tom Brady,4806,8.3,578,398,68.9,50,8,117.2,240,41.5,56,15,69,21,128,18.0
2007,Drew Brees,4423,6.8,652,440,67.5,28,18,89.4,232,35.6,47,8,58,16,109,20.0
2007,Tony Romo,4211,8.1,520,335,64.4,36,19,97.4,215,41.4,55,11,59,24,176,18.0
2007,Brett Favre,4155,7.8,535,356,66.5,28,15,95.7,197,36.8,49,16,82,15,93,12.5
2007,Carson Palmer,4131,7.2,575,373,64.9,26,20,86.7,213,37.0,51,8,70,17,119,10.75
2007,Peyton Manning,4040,7.8,515,337,65.4,31,14,98.0,205,39.8,53,9,73,21,124,18.0
2007,Matt Hasselbeck,3966,7.1,562,352,62.6,28,12,91.4,204,36.3,48,7,65,33,204,6.666667
2007,Derek Anderson,3787,7.2,527,298,56.6,29,19,82.5,187,35.5,53,6,78,14,109,8.0
2007,Jay Cutler,3497,7.5,467,297,63.6,20,14,88.1,175,37.5,41,7,68,27,153,14.45625
2007,Kurt Warner,3417,7.6,451,281,62.3,27,17,89.8,167,37.0,44,5,62,20,140,11.5
2007,Eli Manning,3336,6.3,529,297,56.1,23,20,73.9,165,31.2,36,6,60,27,217,16.25
2007,Donovan McNabb,3324,7.0,473,291,61.5,19,7,89.9,152,32.1,35,10,75,44,227,12.1
2007,Ben Roethlisberger,3154,7.8,404,264,65.4,32,11,104.1,168,41.6,39,6,83,47,347,14.664417
2007,Philip Rivers,3152,6.8,460,277,60.2,21,15,82.4,157,34.1,44,4,49,22,163,15.3
2007,Jason Campbell,2700,6.5,417,250,60.0,12,11,77.6,148,35.5,30,4,54,21,110,4.6
2007,Vince Young,2546,6.7,382,238,62.3,9,17,71.1,141,36.9,24,5,73,25,157,4.0
2007,Jeff Garcia,2440,7.5,327,209,63.9,13,4,94.6,112,34.2,29,8,69,19,104,0.91
2007,Matt Schaub,2241,7.8,289,192,66.4,9,9,87.2,97,33.6,23,6,77,16,126,15.5
2007,Tarvaris Jackson,1911,6.5,294,171,58.2,9,12,70.8,95,32.3,15,4,71,19,70,1.5
2007,Chad Pennington,1765,6.8,260,179,68.8,10,9,86.1,90,34.6,19,3,57,26,178,4.0
2007,Kellen Clemens,1529,6.1,250,130,52.0,5,10,60.9,82,32.8,18,4,56,27,138,1.08
2007,Rex Grossman,1411,6.3,225,122,54.2,4,7,66.4,66,29.3,20,5,59,25,198,0.97
2007,Josh McCown,1151,6.1,190,111,58.4,10,11,69.4,54,28.4,12,3,46,14,92,3.125
2007,Luke McCown,1009,7.3,139,94,67.6,5,3,91.7,45,32.4,11,3,60,15,104,3.75
2007,Alex Smith,914,4.7,193,94,48.7,2,4,57.2,47,24.4,11,1,45,17,121,3.25
2007,Matt Moore,730,6.6,111,63,56.8,3,5,67.0,37,33.3,7,4,57,6,40,3.043
2007,Matt Leinart,647,5.8,112,60,53.6,2,4,61.9,33,29.5,6,1,40,4,23,1.0
2007,David Carr,635,4.7,136,73,53.7,3,5,58.3,32,23.5,4,0,38,13,74,1.0
2007,Shaun Hill,501,6.3,79,54,68.4,5,1,101.3,26,32.9,3,0,26,6,31,2.0
2007,Kyle Orton,478,6.0,80,43,53.8,3,2,73.8,19,23.8,3,1,55,2,12,3.0
2007,Aaron Rodgers,218,7.8,28,20,71.4,1,0,106.0,9,32.1,2,1,43,3,24,12.704
2007,Bruce Gradkowski,130,5.4,24,13,54.2,0,1,52.4,5,20.8,1,0,20,2,14,0.965
2006,Drew Brees,4418,8.0,554,356,64.3,26,11,96.2,201,36.3,61,18,86,18,105,20.0
2006,Peyton Manning,4397,7.9,557,362,65.0,31,9,101.0,241,43.3,53,7,68,14,86,18.0
2006,Carson Palmer,4035,7.8,520,324,62.3,28,13,93.9,199,38.3,52,15,74,36,233,10.75
2006,Brett Favre,3885,6.3,613,343,56.0,18,18,72.7,182,29.7,49,8,82,21,134,12.5
2006,Tom Brady,3529,6.8,516,319,61.8,24,12,87.9,176,34.1,46,8,62,26,175,18.0
2006,Ben Roethlisberger,3513,7.5,469,280,59.7,18,23,75.4,178,38.0,42,7,67,46,280,14.664417
2006,Philip Rivers,3388,7.4,460,284,61.7,22,9,92.0,167,36.3,41,5,57,27,144,15.3
2006,Chad Pennington,3352,6.9,485,313,64.5,17,16,82.6,161,33.2,38,9,71,30,172,4.0
2006,Eli Manning,3244,6.2,522,301,57.7,24,18,77.0,163,31.2,33,8,55,25,186,16.25
2006,Rex Grossman,3193,6.6,480,262,54.6,23,20,73.9,150,31.2,47,8,62,21,142,0.97
2006,Tony Romo,2903,8.6,337,220,65.3,19,13,95.1,143,42.4,42,9,56,21,124,11.25
2006,Alex Smith,2890,6.5,442,257,58.1,16,16,74.8,132,29.9,34,8,75,35,202,3.25
2006,David Carr,2767,6.3,442,302,68.3,11,12,82.1,141,31.9,25,3,53,41,240,3.1
2006,Donovan McNabb,2647,8.4,316,180,57.0,18,6,95.5,113,35.8,44,14,87,21,140,12.1
2006,Matt Leinart,2547,6.8,377,214,56.8,11,12,74.0,124,32.9,35,6,58,21,158,1.0
2006,Matt Hasselbeck,2442,6.6,371,210,56.6,18,15,76.0,125,33.7,30,5,72,34,229,6.666667
2006,Vince Young,2199,6.2,357,184,51.5,12,13,66.7,107,30.0,33,1,53,25,129,4.0
2006,Mark Brunell,1789,6.9,260,162,62.3,8,4,86.5,80,30.8,24,5,74,12,92,2.0
2006,Bruce Gradkowski,1661,5.1,328,177,54.0,9,9,65.9,79,24.1,16,3,53,25,146,0.965
2006,Kurt Warner,1377,8.2,168,108,64.3,6,5,89.3,63,37.5,15,5,64,14,104,11.5
2006,Jeff Garcia,1309,7.0,188,116,61.7,10,2,95.8,61,32.4,16,4,65,6,40,0.91
2006,Jason Campbell,1297,6.3,207,110,53.1,10,6,76.5,68,32.8,13,3,66,7,55,4.6
2006,Jay Cutler,1001,7.3,137,81,59.1,9,5,88.5,48,35.0,10,2,71,13,85,14.45625
2006,Derek Anderson,793,6.8,117,66,56.4,5,8,63.1,37,31.6,8,2,54,8,66,8.0
2006,Tarvaris Jackson,475,5.9,81,47,58.0,2,4,62.5,19,23.5,7,1,50,8,37,1.5
2006,Matt Schaub,208,7.7,27,18,66.7,1,2,71.2,10,37.0,3,1,47,2,8,8.0
2005,Tom Brady,4110,7.8,530,334,63.0,26,14,92.3,193,36.4,59,9,71,26,188,18.0
2005,Brett Favre,3881,6.4,607,372,61.3,20,29,70.9,202,33.3,40,7,59,24,170,12.5
2005,Carson Palmer,3836,7.5,509,345,67.8,32,12,101.1,197,38.7,43,9,70,19,105,10.75
2005,Eli Manning,3762,6.8,557,294,52.8,24,17,75.9,172,30.9,49,8,78,28,184,16.25
2005,Peyton Manning,3747,8.3,453,305,67.3,28,10,104.1,197,43.5,45,6,80,17,81,18.0
2005,Drew Brees,3576,7.2,500,323,64.6,24,15,89.2,182,36.4,46,4,54,27,223,10.0
2005,Matt Hasselbeck,3459,7.7,449,294,65.5,24,9,98.2,182,40.5,41,7,56,24,154,6.666667
2005,Steve McNair,3161,6.6,476,292,61.3,16,11,82.4,164,34.4,29,7,57,20,134,5.5
2005,Mark Brunell,3050,6.7,454,262,57.7,23,10,85.9,154,33.9,36,9,78,27,213,2.0
2005,Kurt Warner,2713,7.2,375,242,64.5,11,9,85.8,134,35.7,37,4,63,23,158,5.0
2005,Donovan McNabb,2507,7.0,357,211,59.1,16,9,85.0,116,32.5,27,6,91,19,112,12.1
2005,David Carr,2488,5.9,423,256,60.5,14,11,77.2,135,31.9,18,2,53,68,424,3.1
2005,Ben Roethlisberger,2385,8.9,268,168,62.7,17,9,98.6,111,41.4,35,12,85,23,129,14.664417
2005,Kyle Orton,1869,5.1,368,190,51.6,9,13,59.7,92,25.0,23,3,54,30,190,3.0
2005,Josh McCown,1836,6.8,270,163,60.4,9,11,74.9,84,31.1,23,6,49,18,101,3.0
2005,Brian Griese,1136,6.5,174,112,64.4,7,7,79.6,54,31.0,13,3,80,12,76,2.84
2005,Jeff Garcia,937,5.4,173,102,59.0,3,6,65.1,45,26.0,11,2,49,6,34,0.91
2005,Alex Smith,875,5.3,165,84,50.9,1,11,40.8,37,22.4,13,2,47,29,185,3.25
2005,Ryan Fitzpatrick,777,5.8,135,76,56.3,4,8,58.2,40,29.6,4,2,56,9,49,0.927
2005,Chad Pennington,530,6.4,83,49,59.0,2,3,70.9,30,36.1,7,0,37,9,52,4.0
2005,Matt Schaub,495,7.7,64,33,51.6,4,0,98.1,23,35.9,6,2,53,6,27,8.0
2005,Rex Grossman,259,6.6,39,20,51.3,1,2,59.7,14,35.9,4,1,54,1,9,0.97
2005,Matt Cassel,183,7.6,24,13,54.2,2,1,89.4,8,33.3,3,0,36,1,1,10.5
2005,Philip Rivers,115,5.2,22,12,54.6,0,1,50.4,6,27.3,1,0,22,3,16,15.3
2004,Peyton Manning,4557,9.2,497,336,67.6,49,10,121.1,232,46.7,68,13,80,13,101,18.0
2004,Brett Favre,4088,7.6,540,346,64.1,30,17,92.4,202,37.4,50,12,79,12,93,12.5
2004,Donovan McNabb,3875,8.3,469,300,64.0,31,8,104.7,175,37.3,50,20,80,32,192,12.1
2004,Tom Brady,3692,7.8,474,288,60.8,28,14,92.6,188,39.7,52,10,50,26,162,12.0
2004,David Carr,3531,7.6,466,285,61.2,16,14,83.6,173,37.1,47,6,69,49,301,3.1
2004,Matt Hasselbeck,3382,7.1,474,279,58.9,22,15,83.2,177,37.3,43,2,60,30,155,8.0
2004,Drew Brees,3159,7.9,400,262,65.5,27,7,104.8,141,35.2,40,9,79,18,131,8.078
2004,Drew Bledsoe,2932,6.5,450,256,56.9,20,16,76.6,144,32.0,31,9,69,37,215,4.5
2004,Carson Palmer,2897,6.7,432,263,60.9,18,18,77.3,140,32.4,34,8,76,25,178,16.166667
2004,Chad Pennington,2673,7.2,370,242,65.4,16,9,91.0,136,36.8,33,6,48,18,103,4.0
2004,Brian Griese,2632,7.8,336,233,69.4,20,12,97.5,126,37.5,35,6,68,26,169,6.453
2004,Ben Roethlisberger,2621,8.9,295,196,66.4,17,11,98.1,130,44.1,43,7,58,30,213,14.664417
2004,Josh McCown,2511,6.2,408,233,57.1,11,10,74.1,122,29.9,30,3,48,31,263,1.43
2004,Kurt Warner,2054,7.4,277,174,62.8,6,4,86.5,93,33.6,24,6,62,39,196,4.0
2004,Jeff Garcia,1731,6.9,252,144,57.1,10,9,76.7,71,28.2,18,8,99,24,99,0.91
2004,Steve McNair,1343,6.2,215,129,60.0,8,9,73.1,76,35.4,10,0,37,13,95,5.5
2004,Mark Brunell,1194,5.0,237,118,49.8,7,6,63.9,66,27.8,10,3,49,15,105,2.0
2004,Eli Manning,1043,5.3,197,95,48.2,6,9,55.4,50,25.4,11,4,52,13,83,16.25
2004,Luke McCown,608,6.2,98,48,49.0,4,7,52.6,19,19.4,8,4,58,12,122,3.75
2004,Rex Grossman,607,7.2,84,47,56.0,1,3,67.9,28,33.3,8,1,40,5,22,0.97
2004,Matt Schaub,330,4.7,70,33,47.1,1,4,42.0,15,21.4,2,1,59,4,14,8.0
2003,Peyton Manning,4267,7.5,566,379,67.0,29,10,99.0,210,37.1,45,9,79,18,107,14.0
2003,Matt Hasselbeck,3841,7.5,513,313,61.0,26,15,88.8,187,36.4,54,5,80,42,246,8.0
2003,Tom Brady,3620,6.9,527,317,60.2,23,12,85.9,175,33.2,44,8,82,32,219,12.0
2003,Brett Favre,3361,7.1,471,308,65.4,32,21,90.4,166,35.2,42,7,66,19,137,12.5
2003,Donovan McNabb,3216,6.7,478,275,57.5,16,11,79.6,152,31.8,44,9,59,43,253,12.1
2003,Steve McNair,3215,8.0,400,250,62.5,24,7,100.4,164,41.0,46,11,73,19,108,10.541668
2003,Drew Bledsoe,2860,6.1,471,274,58.2,11,12,73.0,142,30.2,28,2,54,49,371,6.166667
2003,Jeff Garcia,2704,6.9,392,225,57.4,18,13,80.1,131,33.4,35,6,75,21,104,0.91
2003,Chad Pennington,2139,7.2,297,189,63.6,13,12,82.9,116,39.1,26,6,65,25,160,9.171143
2003,Drew Brees,2108,5.9,356,205,57.6,11,15,67.5,95,26.7,28,5,68,21,178,8.078
2003,David Carr,2013,6.8,295,167,56.6,9,13,69.5,86,29.2,22,5,78,15,90,3.1
2003,Tim Couch,1319,6.5,203,120,59.1,7,6,77.6,59,29.1,13,5,71,19,116,1.25
2003,Josh McCown,1018,6.1,166,95,57.2,5,6,70.3,51,30.7,11,2,60,25,174,1.43
2003,Brian Griese,813,6.2,130,74,56.9,5,6,69.2,36,27.7,7,3,80,12,83,5.983333
2003,Mark Brunell,484,5.9,82,54,65.8,2,0,89.7,22,26.8,4,1,65,9,46,6.194286
2003,Rex Grossman,437,6.1,72,38,52.8,2,1,74.8,23,31.9,7,1,59,4,41,0.97
2003,Kurt Warner,365,5.6,65,38,58.5,1,1,72.9,15,23.1,3,0,37,6,38,3.0
2003,Rob Johnson,93,4.6,20,11,55.0,0,1,46.5,5,25.0,0,0,15,4,21,0.71
2002,Drew Bledsoe,4359,7.2,610,375,61.5,24,15,86.0,218,35.7,45,13,73,54,369,6.166667
2002,Peyton Manning,4200,7.1,591,392,66.3,27,19,88.8,213,36.0,51,11,69,23,145,14.0
2002,Tom Brady,3764,6.3,601,373,62.1,28,14,85.7,184,30.6,37,3,49,31,190,12.0
2002,Brett Favre,3658,6.6,551,341,61.9,27,16,85.6,189,34.3,39,7,85,26,188,12.5
2002,Steve McNair,3387,6.9,492,301,61.2,22,15,84.0,178,36.2,35,6,55,21,121,10.541668
2002,Jeff Garcia,3344,6.3,528,328,62.1,21,10,85.6,171,32.4,31,7,76,17,93,0.91
2002,Drew Brees,3284,6.2,526,320,60.8,17,16,76.9,163,31.0,40,4,52,24,180,8.078
2002,Brian Griese,3214,7.4,436,291,66.7,15,15,85.6,156,35.8,30,7,82,34,237,4.0
2002,Chad Pennington,3120,7.8,399,275,68.9,22,6,104.2,167,41.8,40,3,47,22,135,9.171143
2002,Matt Hasselbeck,3075,7.3,419,267,63.7,15,10,87.8,157,37.5,36,4,49,26,143,8.0
2002,Jake Plummer,2972,5.6,530,284,53.6,18,20,65.7,145,27.4,29,3,80,36,248,5.833532
2002,Tim Couch,2842,6.4,443,273,61.6,18,18,76.8,128,28.9,35,8,78,30,213,1.25
2002,Mark Brunell,2788,6.7,416,245,58.9,17,7,85.7,140,33.6,28,6,79,34,210,6.194286
2002,David Carr,2592,5.8,444,233,52.5,9,15,62.8,117,26.4,31,5,81,76,411,3.1
2002,Donovan McNabb,2289,6.3,361,211,58.4,17,6,86.0,108,29.9,27,3,59,28,166,12.1
2002,Kurt Warner,1431,6.5,220,144,65.4,3,11,67.4,66,30.0,15,1,43,21,130,3.0
2002,Rob Johnson,536,6.1,88,57,64.8,1,2,75.8,26,29.6,4,0,23,19,94,1.0
2001,Kurt Warner,4830,8.8,546,375,68.7,36,22,101.4,233,42.7,81,11,65,38,233,3.0
2001,Peyton Manning,4131,7.6,547,343,62.7,26,23,84.1,201,36.8,55,11,86,29,232,14.0
2001,Brett Favre,3921,7.7,510,314,61.6,32,15,94.1,187,36.7,53,13,67,22,151,12.5
2001,Jake Plummer,3653,7.0,525,304,57.9,18,14,79.6,177,33.7,52,11,68,29,204,5.833532
2001,Jeff Garcia,3538,7.0,504,316,62.7,32,12,94.8,183,36.3,40,10,61,26,114,0.91
2001,Steve McNair,3350,7.8,431,264,61.2,21,12,90.2,159,36.9,51,10,71,37,251,10.541668
2001,Mark Brunell,3309,7.0,473,289,61.1,19,13,84.1,164,34.7,37,2,44,57,387,6.194286
2001,Donovan McNabb,3233,6.6,493,285,57.8,25,12,84.3,136,27.6,44,9,64,39,273,8.398529
2001,Tim Couch,3040,6.7,454,272,59.9,17,21,73.1,134,29.5,39,7,78,51,353,1.25
2001,Tom Brady,2843,6.9,413,264,63.9,18,12,86.5,143,34.6,32,6,91,41,216,7.40625
2001,Brian Griese,2827,6.3,451,275,61.0,23,19,78.5,150,33.3,25,2,65,38,241,4.0
2001,Matt Hasselbeck,2023,6.3,321,176,54.8,7,8,70.9,91,28.4,26,4,64,38,251,8.0
2001,Rob Johnson,1465,6.8,216,134,62.0,5,7,76.2,70,32.4,19,4,61,31,196,0.675
2001,Drew Bledsoe,400,6.1,66,40,60.6,2,2,75.3,18,27.3,4,1,58,5,21,6.166667
2001,Drew Brees,221,8.2,27,15,55.6,1,0,94.8,11,40.7,4,1,40,2,12,8.078
2001,Chad Pennington,92,4.6,20,10,50.0,1,0,79.6,5,25.0,1,0,24,1,8,9.171143
2000,Peyton Manning,4413,7.7,571,357,62.5,33,15,94.7,213,37.3,51,8,78,20,131,14.0
2000,Jeff Garcia,4278,7.6,561,355,63.3,31,10,97.6,205,36.5,59,9,69,24,155,0.91
2000,Brett Favre,3812,6.6,580,338,58.3,20,16,78.0,193,33.3,41,7,67,33,236,11.514286
2000,Mark Brunell,3640,7.1,512,311,60.7,20,14,84.0,177,34.6,39,9,67,54,289,7.5
2000,Kurt Warner,3429,9.9,347,235,67.7,21,18,98.2,153,44.1,49,14,85,20,115,3.0
2000,Donovan McNabb,3365,5.9,569,330,58.0,21,13,77.8,181,31.8,45,5,70,45,262,8.398529
2000,Drew Bledsoe,3291,6.2,531,312,58.8,17,13,77.3,164,30.9,33,4,59,45,264,10.6
2000,Jake Plummer,2946,6.2,475,270,56.8,13,21,66.0,132,27.8,35,10,70,22,151,5.833532
2000,Steve McNair,2847,7.2,396,248,62.6,15,13,83.2,141,35.6,31,5,56,24,141,8.5085
2000,Brian Griese,2688,8.0,336,216,64.3,19,4,102.9,136,40.5,38,5,61,17,139,6.5
2000,Rob Johnson,2125,6.9,306,175,57.2,12,7,82.2,101,33.0,27,4,74,49,292,0.675
2000,Tim Couch,1483,6.9,215,137,63.7,7,9,77.3,59,27.4,14,2,79,10,78,1.25
2000,Matt Hasselbeck,104,5.5,19,10,52.6,1,0,86.3,4,21.0,2,0,27,1,2,8.0
1999,Kurt Warner,4353,8.7,499,325,65.1,41,13,109.2,196,39.3,60,16,75,29,201,6.642857
1999,Peyton Manning,4135,7.8,533,331,62.1,26,15,90.7,198,37.2,56,11,80,14,116,14.0
1999,Brett Favre,4091,6.9,595,341,57.3,22,23,74.7,194,32.6,52,11,74,35,223,11.514286
1999,Drew Bledsoe,3985,7.4,539,305,56.6,19,21,75.6,184,34.1,50,13,68,55,342,10.6
1999,Mark Brunell,3060,6.9,441,259,58.7,14,9,82.0,154,34.9,39,8,62,29,174,7.5
1999,Brian Griese,3032,6.7,452,261,57.7,14,14,75.6,138,30.5,37,6,88,27,176,6.5
1999,Jeff Garcia,2544,6.8,375,225,60.0,11,11,77.9,133,35.5,28,7,62,15,104,0.91
1999,Dan Marino,2448,6.6,369,204,55.3,12,17,67.4,120,32.5,37,5,62,9,66,1.0
1999,Tim Couch,2447,6.1,399,223,55.9,15,13,73.2,107,26.8,28,6,78,56,359,1.25
1999,Steve McNair,2179,6.6,331,187,56.5,12,8,78.6,101,30.5,26,6,65,16,74,8.5085
1999,Jake Plummer,2111,5.5,381,201,52.8,9,24,50.8,110,28.9,21,4,63,27,152,5.833532
1999,Donovan McNabb,948,4.4,216,106,49.1,8,7,60.1,55,25.5,7,1,63,28,204,8.398529
1999,Steve Young,446,5.3,84,45,53.6,3,4,60.9,17,20.2,4,1,53,8,63,8.605
1999,Rob Johnson,298,8.8,34,25,73.5,2,0,119.5,16,47.1,4,1,42,1,9,0.675
1998,Brett Favre,4212,7.6,551,347,63.0,31,23,87.8,203,36.8,47,9,84,38,223,11.514286
1998,Steve Young,4170,8.1,517,322,62.3,36,12,101.1,206,39.8,55,13,81,48,234,8.605
1998,Peyton Manning,3739,6.5,575,326,56.7,26,28,71.2,190,33.0,42,8,78,22,109,14.0
1998,Jake Plummer,3737,6.8,547,324,59.2,17,20,75.0,177,32.4,48,6,57,49,280,5.833532
1998,Drew Bledsoe,3633,7.6,481,263,54.7,20,14,80.8,166,34.5,50,15,86,36,295,10.6
1998,Dan Marino,3497,6.5,537,310,57.7,23,15,80.0,173,32.2,45,6,61,23,178,7.25
1998,Steve McNair,3228,6.6,492,289,58.7,15,10,80.1,160,32.5,41,3,47,33,176,8.5085
1998,Mark Brunell,2601,7.4,354,208,58.8,20,9,89.9,125,35.3,35,8,78,28,172,7.5
1998,Troy Aikman,2330,7.4,315,187,59.4,12,5,88.5,109,34.6,28,8,67,9,58,10.75
1998,Rob Johnson,910,8.5,107,67,62.6,8,3,102.9,40,37.4,12,4,66,29,163,0.675
1997,Brett Favre,3867,7.5,513,304,59.3,35,16,92.6,190,37.0,61,9,74,25,176,11.514286
1997,Dan Marino,3780,6.9,548,319,58.2,16,11,80.7,190,34.7,49,4,55,20,132,7.25
1997,Drew Bledsoe,3706,7.1,522,314,60.2,28,15,87.7,168,32.2,47,12,76,30,258,10.6
1997,Troy Aikman,3283,6.3,518,292,56.4,19,12,78.0,163,31.5,34,7,64,33,269,10.75
1997,Mark Brunell,3281,7.5,435,264,60.7,18,7,91.2,160,36.8,44,8,75,33,189,7.5
1997,Steve Young,3029,8.5,356,241,67.7,19,6,104.7,147,41.3,43,4,82,35,220,8.195833
1997,Steve McNair,2665,6.4,415,216,52.0,14,13,70.4,134,32.3,36,5,55,31,190,8.5085
1997,Jake Plummer,2203,7.4,296,157,53.0,15,15,73.1,101,34.1,28,7,70,52,291,7.3728
1997,Rob Johnson,344,12.3,28,22,78.6,2,2,111.9,12,42.9,10,1,40,6,29,6.1625
1996,Mark Brunell,4367,7.8,557,353,63.4,19,20,84.0,208,37.3,40,13,62,50,257,7.625
1996,Drew Bledsoe,4086,6.6,623,373,59.9,27,15,83.7,206,33.1,45,3,84,30,190,10.6
1996,Brett Favre,3899,7.2,543,325,59.8,39,13,95.8,194,35.7,49,11,80,40,241,7.87
1996,Troy Aikman,3126,6.7,465,296,63.7,12,13,80.1,158,34.0,31,5,61,18,120,10.75
1996,Dan Marino,2795,7.5,373,221,59.2,17,9,87.8,128,34.3,39,10,74,18,131,7.25
1996,Steve Young,2410,7.6,316,214,67.7,14,6,97.2,124,39.2,22,4,52,34,160,7.5
1996,Steve McNair,1197,8.4,143,88,61.5,6,4,90.6,47,32.9,15,5,83,9,45,8.5085
1995,Brett Favre,4413,7.7,570,359,63.0,38,13,99.6,227,39.8,59,5,99,33,217,7.87
1995,John Elway,3970,7.3,542,316,58.3,26,14,86.4,190,35.1,52,10,62,22,180,5.9
1995,Dan Marino,3668,7.6,482,309,64.1,24,15,90.8,189,39.2,40,7,67,22,153,6.425
1995,Drew Bledsoe,3507,5.5,636,323,50.8,13,16,63.7,192,30.2,34,2,47,23,170,10.6
1995,Troy Aikman,3304,7.6,432,280,64.8,16,7,93.6,173,40.0,39,8,50,14,89,10.75
1995,Steve Young,3200,7.2,447,299,66.9,20,11,92.3,159,35.6,36,7,57,25,115,7.5
1995,Mark Brunell,2168,6.3,346,201,58.1,15,7,82.6,107,30.9,23,1,45,39,238,7.625
1995,Steve McNair,569,7.1,80,41,51.2,3,1,81.7,23,28.8,8,2,53,6,63,8.5085
1994,Drew Bledsoe,4555,6.6,691,400,57.9,25,27,73.6,242,35.0,52,3,62,22,139,6.74375
1994,Dan Marino,4453,7.2,615,385,62.6,30,17,89.2,214,34.8,55,7,64,18,113,6.425
1994,Steve Young,3969,8.6,461,324,70.3,35,10,112.8,188,40.8,48,8,69,31,163,7.5
1994,Brett Favre,3882,6.7,582,363,62.4,33,14,90.7,200,34.4,44,4,49,31,188,7.87
1994,John Elway,3490,7.1,494,307,62.2,16,10,85.7,162,32.8,41,11,63,46,303,5.9
1994,Troy Aikman,2676,7.4,361,233,64.5,13,12,84.9,133,36.8,27,6,90,14,59,10.75
1994,Mark Brunell,95,3.5,27,12,44.4,0,0,53.8,5,18.5,1,0,25,2,16,0.966667
1993,John Elway,4030,7.3,551,348,63.2,25,10,92.8,185,33.6,50,10,63,39,293,5.9
1993,Steve Young,4023,8.7,462,314,68.0,29,16,101.5,188,40.7,56,9,80,31,160,7.5
1993,Brett Favre,3303,6.3,522,318,60.9,19,24,72.2,165,31.6,37,5,66,30,199,3.8
1993,Troy Aikman,3100,7.9,392,271,69.1,15,6,99.0,152,38.8,29,7,80,26,153,10.75
1993,Drew Bledsoe,2494,5.8,429,214,49.9,15,15,65.0,130,30.3,32,5,54,16,99,6.74375
1993,Dan Marino,1218,8.1,150,91,60.7,8,3,95.9,51,34.0,18,4,80,7,42,6.425
1992,Dan Marino,4116,7.4,554,330,59.6,24,16,85.1,192,34.7,45,12,62,28,173,6.425
1992,Steve Young,3465,8.6,402,268,66.7,25,7,107.0,160,39.8,54,10,80,29,152,7.5
1992,Troy Aikman,3445,7.3,473,302,63.8,23,14,89.5,176,37.2,38,8,87,23,112,10.75
1992,Brett Favre,3227,6.8,471,302,64.1,18,13,85.3,157,33.3,30,9,76,34,208,3.8
1992,John Elway,2242,7.1,316,174,55.1,10,17,65.7,90,28.5,29,9,80,36,272,5.9
1991,Dan Marino,3970,7.2,549,318,57.9,25,13,85.8,199,36.2,44,6,54,27,182,6.425
1991,John Elway,3253,7.2,451,242,53.7,13,12,75.4,147,32.6,49,9,71,45,305,5.9
1991,Troy Aikman,2754,7.6,363,237,65.3,11,10,86.7,148,40.8,35,3,61,32,224,10.75
1991,Steve Young,2517,9.0,279,180,64.5,17,8,101.8,109,39.1,35,8,97,13,79,7.5
1990,Dan Marino,3563,6.7,531,306,57.6,21,11,82.6,189,35.6,36,5,69,15,90,6.425
1990,John Elway,3526,7.0,502,294,58.6,15,14,78.5,0,0.0,46,8,66,43,311,5.9
1990,Troy Aikman,2579,6.5,399,226,56.6,11,18,66.6,0,0.0,29,7,61,39,288,10.75
1990,Steve Young,427,6.9,62,38,61.3,2,0,92.6,0,0.0,3,0,34,8,41,7.5
1989,Dan Marino,3997,7.3,550,308,56.0,24,22,76.9,187,34.0,54,9,78,10,86,6.425
1989,John Elway,3051,7.3,416,223,53.6,18,18,73.7,145,34.9,43,13,69,35,298,5.9
1989,Troy Aikman,1749,6.0,293,155,52.9,9,18,55.7,82,28.0,17,3,75,19,155,10.75
1989,Steve Young,1001,10.9,92,64,69.6,8,3,120.8,48,52.2,14,5,50,12,84,7.5
1988,Dan Marino,4434,7.3,606,354,58.4,28,23,80.8,212,35.0,56,8,80,6,31,6.425
1988,John Elway,3309,6.7,496,274,55.2,17,19,71.4,171,34.5,40,5,86,30,237,5.9
1988,Steve Young,680,6.7,101,54,53.5,3,3,72.2,35,34.6,4,2,73,13,75,7.5
1987,Dan Marino,3245,7.3,444,263,59.2,26,13,89.2,158,35.6,52,6,59,9,77,6.425
1987,John Elway,3198,7.8,410,224,54.6,19,12,83.4,144,35.1,56,9,72,20,138,5.9
1987,Steve Young,570,8.3,69,37,53.6,10,0,120.8,30,43.5,12,2,50,3,25,7.5
1986,Dan Marino,4746,7.6,623,378,60.7,44,23,92.6,245,39.3,59,14,85,17,119,6.425
1986,John Elway,3485,6.9,504,280,55.6,19,13,79.0,168,33.3,47,8,53,32,233,5.9
1986,Steve Young,2282,6.3,363,195,53.7,8,13,65.5,109,30.0,29,6,46,47,326,7.5
1985,Dan Marino,4137,7.3,567,336,59.3,30,21,84.1,213,37.6,48,12,73,18,157,6.425
1985,John Elway,3891,6.4,605,327,54.0,22,23,70.2,190,31.4,45,10,65,38,307,5.9
1985,Steve Young,935,6.8,138,72,52.2,3,8,56.9,47,34.1,13,2,59,21,158,7.5
1984,Dan Marino,5084,9.0,564,362,64.2,48,17,108.9,239,42.4,79,12,80,13,120,6.425
1984,John Elway,2598,6.8,380,214,56.3,18,15,76.8,125,32.9,29,9,73,24,158,5.9
1983,Dan Marino,2210,7.5,296,173,58.4,20,6,96.0,105,35.5,24,6,85,10,80,6.425
1983,John Elway,1663,6.4,259,123,47.5,7,14,54.9,75,29.0,26,5,49,28,218,5.9
